file,line,type,commit,author,date,time,timezone,datetime,depth,length
static/style.css,1,css,4e51efd,voidism,2024-03-03,17:35:59,-05:00,2024-03-03T17:35:59-05:00,0,5
static/style.css,2,css,4e51efd,voidism,2024-03-03,17:35:59,-05:00,2024-03-03T17:35:59-05:00,0,44
static/style.css,3,css,4e51efd,voidism,2024-03-03,17:35:59,-05:00,2024-03-03T17:35:59-05:00,0,43
static/style.css,4,css,4e51efd,voidism,2024-03-03,17:35:59,-05:00,2024-03-03T17:35:59-05:00,0,1
static/style.css,5,css,4e51efd,voidism,2024-03-03,17:35:59,-05:00,2024-03-03T17:35:59-05:00,0,24
static/style.css,6,css,4e51efd,voidism,2024-03-03,17:35:59,-05:00,2024-03-03T17:35:59-05:00,0,0
static/style.css,7,css,4e51efd,voidism,2024-03-03,17:35:59,-05:00,2024-03-03T17:35:59-05:00,0,0
static/style.css,8,css,4e51efd,voidism,2024-03-03,17:35:59,-05:00,2024-03-03T17:35:59-05:00,0,5
static/style.css,9,css,4e51efd,voidism,2024-03-03,17:35:59,-05:00,2024-03-03T17:35:59-05:00,0,30
static/style.css,10,css,4e51efd,voidism,2024-03-03,17:35:59,-05:00,2024-03-03T17:35:59-05:00,0,41
static/style.css,11,css,4e51efd,voidism,2024-03-03,17:35:59,-05:00,2024-03-03T17:35:59-05:00,0,65
static/style.css,12,css,4e51efd,voidism,2024-03-03,17:35:59,-05:00,2024-03-03T17:35:59-05:00,0,46
static/style.css,13,css,4e51efd,voidism,2024-03-03,17:35:59,-05:00,2024-03-03T17:35:59-05:00,0,0
static/style.css,14,css,4e51efd,voidism,2024-03-03,17:35:59,-05:00,2024-03-03T17:35:59-05:00,0,9
static/style.css,15,css,4e51efd,voidism,2024-03-03,17:35:59,-05:00,2024-03-03T17:35:59-05:00,0,19
static/style.css,16,css,4e51efd,voidism,2024-03-03,17:35:59,-05:00,2024-03-03T17:35:59-05:00,0,0
static/style.css,17,css,4e51efd,voidism,2024-03-03,17:35:59,-05:00,2024-03-03T17:35:59-05:00,0,16
static/style.css,18,css,4e51efd,voidism,2024-03-03,17:35:59,-05:00,2024-03-03T17:35:59-05:00,0,15
static/style.css,19,css,4e51efd,voidism,2024-03-03,17:35:59,-05:00,2024-03-03T17:35:59-05:00,0,17
static/style.css,20,css,4e51efd,voidism,2024-03-03,17:35:59,-05:00,2024-03-03T17:35:59-05:00,0,0
static/style.css,21,css,4e51efd,voidism,2024-03-03,17:35:59,-05:00,2024-03-03T17:35:59-05:00,0,41
static/style.css,22,css,4e51efd,voidism,2024-03-03,17:35:59,-05:00,2024-03-03T17:35:59-05:00,0,54
static/style.css,23,css,4e51efd,voidism,2024-03-03,17:35:59,-05:00,2024-03-03T17:35:59-05:00,0,81
static/style.css,24,css,4e51efd,voidism,2024-03-03,17:35:59,-05:00,2024-03-03T17:35:59-05:00,0,57
static/style.css,25,css,4e51efd,voidism,2024-03-03,17:35:59,-05:00,2024-03-03T17:35:59-05:00,0,0
static/style.css,26,css,4e51efd,voidism,2024-03-03,17:35:59,-05:00,2024-03-03T17:35:59-05:00,0,0
static/style.css,27,css,4e51efd,voidism,2024-03-03,17:35:59,-05:00,2024-03-03T17:35:59-05:00,0,5
static/style.css,28,css,4e51efd,voidism,2024-03-03,17:35:59,-05:00,2024-03-03T17:35:59-05:00,0,62
static/style.css,29,css,4e51efd,voidism,2024-03-03,17:35:59,-05:00,2024-03-03T17:35:59-05:00,0,0
static/style.css,30,css,4e51efd,voidism,2024-03-03,17:35:59,-05:00,2024-03-03T17:35:59-05:00,0,18
static/style.css,31,css,4e51efd,voidism,2024-03-03,17:35:59,-05:00,2024-03-03T17:35:59-05:00,0,17
static/style.css,32,css,4e51efd,voidism,2024-03-03,17:35:59,-05:00,2024-03-03T17:35:59-05:00,0,0
static/style.css,33,css,4e51efd,voidism,2024-03-03,17:35:59,-05:00,2024-03-03T17:35:59-05:00,0,0
static/style.css,34,css,4e51efd,voidism,2024-03-03,17:35:59,-05:00,2024-03-03T17:35:59-05:00,0,4
static/style.css,35,css,4e51efd,voidism,2024-03-03,17:35:59,-05:00,2024-03-03T17:35:59-05:00,0,13
static/style.css,36,css,4e51efd,voidism,2024-03-03,17:35:59,-05:00,2024-03-03T17:35:59-05:00,0,51
static/style.css,37,css,4e51efd,voidism,2024-03-03,17:35:59,-05:00,2024-03-03T17:35:59-05:00,0,70
static/style.css,38,css,4e51efd,voidism,2024-03-03,17:35:59,-05:00,2024-03-03T17:35:59-05:00,0,0
static/style.css,39,css,4e51efd,voidism,2024-03-03,17:35:59,-05:00,2024-03-03T17:35:59-05:00,0,0
static/style.css,40,css,4e51efd,voidism,2024-03-03,17:35:59,-05:00,2024-03-03T17:35:59-05:00,0,6
static/style.css,41,css,4e51efd,voidism,2024-03-03,17:35:59,-05:00,2024-03-03T17:35:59-05:00,0,7
static/style.css,42,css,4e51efd,voidism,2024-03-03,17:35:59,-05:00,2024-03-03T17:35:59-05:00,0,44
static/style.css,43,css,4e51efd,voidism,2024-03-03,17:35:59,-05:00,2024-03-03T17:35:59-05:00,0,51
static/style.css,44,css,4e51efd,voidism,2024-03-03,17:35:59,-05:00,2024-03-03T17:35:59-05:00,0,36
static/style.css,45,css,4e51efd,voidism,2024-03-03,17:35:59,-05:00,2024-03-03T17:35:59-05:00,0,32
static/style.css,46,css,4e51efd,voidism,2024-03-03,17:35:59,-05:00,2024-03-03T17:35:59-05:00,0,0
static/style.css,47,css,4e51efd,voidism,2024-03-03,17:35:59,-05:00,2024-03-03T17:35:59-05:00,0,0
static/style.css,48,css,4e51efd,voidism,2024-03-03,17:35:59,-05:00,2024-03-03T17:35:59-05:00,0,36
static/style.css,49,css,4e51efd,voidism,2024-03-03,17:35:59,-05:00,2024-03-03T17:35:59-05:00,0,14
static/style.css,50,css,4e51efd,voidism,2024-03-03,17:35:59,-05:00,2024-03-03T17:35:59-05:00,0,90
static/style.css,51,css,4e51efd,voidism,2024-03-03,17:35:59,-05:00,2024-03-03T17:35:59-05:00,0,82
static/style.css,52,css,4e51efd,voidism,2024-03-03,17:35:59,-05:00,2024-03-03T17:35:59-05:00,0,17
static/style.css,53,css,4e51efd,voidism,2024-03-03,17:35:59,-05:00,2024-03-03T17:35:59-05:00,0,0
static/style.css,54,css,4e51efd,voidism,2024-03-03,17:35:59,-05:00,2024-03-03T17:35:59-05:00,0,0
static/style.css,55,css,4e51efd,voidism,2024-03-03,17:35:59,-05:00,2024-03-03T17:35:59-05:00,0,12
static/style.css,56,css,4e51efd,voidism,2024-03-03,17:35:59,-05:00,2024-03-03T17:35:59-05:00,0,81
static/style.css,57,css,4e51efd,voidism,2024-03-03,17:35:59,-05:00,2024-03-03T17:35:59-05:00,0,91
static/style.css,58,css,4e51efd,voidism,2024-03-03,17:35:59,-05:00,2024-03-03T17:35:59-05:00,0,0
static/style.css,59,css,4e51efd,voidism,2024-03-03,17:35:59,-05:00,2024-03-03T17:35:59-05:00,0,13
static/style.css,60,css,4e51efd,voidism,2024-03-03,17:35:59,-05:00,2024-03-03T17:35:59-05:00,0,38
static/style.css,61,css,4e51efd,voidism,2024-03-03,17:35:59,-05:00,2024-03-03T17:35:59-05:00,0,57
static/style.css,62,css,4e51efd,voidism,2024-03-03,17:35:59,-05:00,2024-03-03T17:35:59-05:00,0,0
static/style.css,63,css,4e51efd,voidism,2024-03-03,17:35:59,-05:00,2024-03-03T17:35:59-05:00,0,0
static/style.css,64,css,4e51efd,voidism,2024-03-03,17:35:59,-05:00,2024-03-03T17:35:59-05:00,0,26
static/style.css,65,css,4e51efd,voidism,2024-03-03,17:35:59,-05:00,2024-03-03T17:35:59-05:00,0,46
static/style.css,66,css,4e51efd,voidism,2024-03-03,17:35:59,-05:00,2024-03-03T17:35:59-05:00,0,68
static/style.css,67,css,4e51efd,voidism,2024-03-03,17:35:59,-05:00,2024-03-03T17:35:59-05:00,0,0
static/style.css,68,css,4e51efd,voidism,2024-03-03,17:35:59,-05:00,2024-03-03T17:35:59-05:00,0,0
static/style.css,69,css,4e51efd,voidism,2024-03-03,17:35:59,-05:00,2024-03-03T17:35:59-05:00,0,5
static/style.css,70,css,4e51efd,voidism,2024-03-03,17:35:59,-05:00,2024-03-03T17:35:59-05:00,0,38
static/style.css,71,css,4e51efd,voidism,2024-03-03,17:35:59,-05:00,2024-03-03T17:35:59-05:00,0,52
static/style.css,72,css,4e51efd,voidism,2024-03-03,17:35:59,-05:00,2024-03-03T17:35:59-05:00,0,44
static/style.css,73,css,4e51efd,voidism,2024-03-03,17:35:59,-05:00,2024-03-03T17:35:59-05:00,0,0
static/style.css,74,css,4e51efd,voidism,2024-03-03,17:35:59,-05:00,2024-03-03T17:35:59-05:00,0,0
static/style.css,75,css,4e51efd,voidism,2024-03-03,17:35:59,-05:00,2024-03-03T17:35:59-05:00,0,11
static/style.css,76,css,4e51efd,voidism,2024-03-03,17:35:59,-05:00,2024-03-03T17:35:59-05:00,0,58
static/style.css,77,css,4e51efd,voidism,2024-03-03,17:35:59,-05:00,2024-03-03T17:35:59-05:00,0,48
static/style.css,78,css,4e51efd,voidism,2024-03-03,17:35:59,-05:00,2024-03-03T17:35:59-05:00,0,49
static/style.css,79,css,4e51efd,voidism,2024-03-03,17:35:59,-05:00,2024-03-03T17:35:59-05:00,0,0
static/style.css,80,css,4e51efd,voidism,2024-03-03,17:35:59,-05:00,2024-03-03T17:35:59-05:00,0,0
static/style.css,81,css,4e51efd,voidism,2024-03-03,17:35:59,-05:00,2024-03-03T17:35:59-05:00,0,52
static/style.css,82,css,4e51efd,voidism,2024-03-03,17:35:59,-05:00,2024-03-03T17:35:59-05:00,0,11
static/style.css,83,css,4e51efd,voidism,2024-03-03,17:35:59,-05:00,2024-03-03T17:35:59-05:00,0,16
static/style.css,84,css,4e51efd,voidism,2024-03-03,17:35:59,-05:00,2024-03-03T17:35:59-05:00,0,0
static/style.css,85,css,4e51efd,voidism,2024-03-03,17:35:59,-05:00,2024-03-03T17:35:59-05:00,0,0
static/style.css,86,css,4e51efd,voidism,2024-03-03,17:35:59,-05:00,2024-03-03T17:35:59-05:00,0,19
static/style.css,87,css,4e51efd,voidism,2024-03-03,17:35:59,-05:00,2024-03-03T17:35:59-05:00,0,18
static/style.css,88,css,4e51efd,voidism,2024-03-03,17:35:59,-05:00,2024-03-03T17:35:59-05:00,0,9
static/style.css,89,css,4e51efd,voidism,2024-03-03,17:35:59,-05:00,2024-03-03T17:35:59-05:00,0,11
static/style.css,90,css,4e51efd,voidism,2024-03-03,17:35:59,-05:00,2024-03-03T17:35:59-05:00,0,14
static/style.css,91,css,4e51efd,voidism,2024-03-03,17:35:59,-05:00,2024-03-03T17:35:59-05:00,0,0
static/style.css,92,css,4e51efd,voidism,2024-03-03,17:35:59,-05:00,2024-03-03T17:35:59-05:00,0,0
static/style.css,93,css,4e51efd,voidism,2024-03-03,17:35:59,-05:00,2024-03-03T17:35:59-05:00,0,5
static/style.css,94,css,4e51efd,voidism,2024-03-03,17:35:59,-05:00,2024-03-03T17:35:59-05:00,0,30
static/style.css,95,css,4e51efd,voidism,2024-03-03,17:35:59,-05:00,2024-03-03T17:35:59-05:00,0,41
static/style.css,96,css,4e51efd,voidism,2024-03-03,17:35:59,-05:00,2024-03-03T17:35:59-05:00,0,65
static/style.css,97,css,4e51efd,voidism,2024-03-03,17:35:59,-05:00,2024-03-03T17:35:59-05:00,0,46
static/style.css,98,css,4e51efd,voidism,2024-03-03,17:35:59,-05:00,2024-03-03T17:35:59-05:00,0,0
static/style.css,99,css,4e51efd,voidism,2024-03-03,17:35:59,-05:00,2024-03-03T17:35:59-05:00,0,9
static/style.css,100,css,4e51efd,voidism,2024-03-03,17:35:59,-05:00,2024-03-03T17:35:59-05:00,0,19
static/style.css,101,css,4e51efd,voidism,2024-03-03,17:35:59,-05:00,2024-03-03T17:35:59-05:00,0,0
static/style.css,102,css,4e51efd,voidism,2024-03-03,17:35:59,-05:00,2024-03-03T17:35:59-05:00,0,16
static/style.css,103,css,4e51efd,voidism,2024-03-03,17:35:59,-05:00,2024-03-03T17:35:59-05:00,0,15
static/style.css,104,css,4e51efd,voidism,2024-03-03,17:35:59,-05:00,2024-03-03T17:35:59-05:00,0,17
static/style.css,105,css,4e51efd,voidism,2024-03-03,17:35:59,-05:00,2024-03-03T17:35:59-05:00,0,0
static/style.css,106,css,4e51efd,voidism,2024-03-03,17:35:59,-05:00,2024-03-03T17:35:59-05:00,0,41
static/style.css,107,css,4e51efd,voidism,2024-03-03,17:35:59,-05:00,2024-03-03T17:35:59-05:00,0,54
static/style.css,108,css,4e51efd,voidism,2024-03-03,17:35:59,-05:00,2024-03-03T17:35:59-05:00,0,81
static/style.css,109,css,4e51efd,voidism,2024-03-03,17:35:59,-05:00,2024-03-03T17:35:59-05:00,0,57
static/style.css,110,css,4e51efd,voidism,2024-03-03,17:35:59,-05:00,2024-03-03T17:35:59-05:00,0,0
static/style.css,111,css,4e51efd,voidism,2024-03-03,17:35:59,-05:00,2024-03-03T17:35:59-05:00,0,0
static/style.css,112,css,4e51efd,voidism,2024-03-03,17:35:59,-05:00,2024-03-03T17:35:59-05:00,0,5
static/style.css,113,css,4e51efd,voidism,2024-03-03,17:35:59,-05:00,2024-03-03T17:35:59-05:00,0,62
static/style.css,114,css,4e51efd,voidism,2024-03-03,17:35:59,-05:00,2024-03-03T17:35:59-05:00,0,0
static/style.css,115,css,4e51efd,voidism,2024-03-03,17:35:59,-05:00,2024-03-03T17:35:59-05:00,0,18
static/style.css,116,css,4e51efd,voidism,2024-03-03,17:35:59,-05:00,2024-03-03T17:35:59-05:00,0,17
static/style.css,117,css,4e51efd,voidism,2024-03-03,17:35:59,-05:00,2024-03-03T17:35:59-05:00,0,0
static/style.css,118,css,4e51efd,voidism,2024-03-03,17:35:59,-05:00,2024-03-03T17:35:59-05:00,0,0
static/style.css,119,css,4e51efd,voidism,2024-03-03,17:35:59,-05:00,2024-03-03T17:35:59-05:00,0,4
static/style.css,120,css,4e51efd,voidism,2024-03-03,17:35:59,-05:00,2024-03-03T17:35:59-05:00,0,13
static/style.css,121,css,4e51efd,voidism,2024-03-03,17:35:59,-05:00,2024-03-03T17:35:59-05:00,0,51
static/style.css,122,css,4e51efd,voidism,2024-03-03,17:35:59,-05:00,2024-03-03T17:35:59-05:00,0,70
static/style.css,123,css,4e51efd,voidism,2024-03-03,17:35:59,-05:00,2024-03-03T17:35:59-05:00,0,0
static/style.css,124,css,4e51efd,voidism,2024-03-03,17:35:59,-05:00,2024-03-03T17:35:59-05:00,0,0
static/style.css,125,css,4e51efd,voidism,2024-03-03,17:35:59,-05:00,2024-03-03T17:35:59-05:00,0,6
static/style.css,126,css,4e51efd,voidism,2024-03-03,17:35:59,-05:00,2024-03-03T17:35:59-05:00,0,7
static/style.css,127,css,4e51efd,voidism,2024-03-03,17:35:59,-05:00,2024-03-03T17:35:59-05:00,0,44
static/style.css,128,css,4e51efd,voidism,2024-03-03,17:35:59,-05:00,2024-03-03T17:35:59-05:00,0,51
static/style.css,129,css,4e51efd,voidism,2024-03-03,17:35:59,-05:00,2024-03-03T17:35:59-05:00,0,36
static/style.css,130,css,4e51efd,voidism,2024-03-03,17:35:59,-05:00,2024-03-03T17:35:59-05:00,0,32
static/style.css,131,css,4e51efd,voidism,2024-03-03,17:35:59,-05:00,2024-03-03T17:35:59-05:00,0,0
static/style.css,132,css,4e51efd,voidism,2024-03-03,17:35:59,-05:00,2024-03-03T17:35:59-05:00,0,0
static/style.css,133,css,4e51efd,voidism,2024-03-03,17:35:59,-05:00,2024-03-03T17:35:59-05:00,0,36
static/style.css,134,css,4e51efd,voidism,2024-03-03,17:35:59,-05:00,2024-03-03T17:35:59-05:00,0,14
static/style.css,135,css,4e51efd,voidism,2024-03-03,17:35:59,-05:00,2024-03-03T17:35:59-05:00,0,90
static/style.css,136,css,4e51efd,voidism,2024-03-03,17:35:59,-05:00,2024-03-03T17:35:59-05:00,0,82
static/style.css,137,css,4e51efd,voidism,2024-03-03,17:35:59,-05:00,2024-03-03T17:35:59-05:00,0,17
static/style.css,138,css,4e51efd,voidism,2024-03-03,17:35:59,-05:00,2024-03-03T17:35:59-05:00,0,0
static/style.css,139,css,4e51efd,voidism,2024-03-03,17:35:59,-05:00,2024-03-03T17:35:59-05:00,0,0
static/style.css,140,css,4e51efd,voidism,2024-03-03,17:35:59,-05:00,2024-03-03T17:35:59-05:00,0,12
static/style.css,141,css,4e51efd,voidism,2024-03-03,17:35:59,-05:00,2024-03-03T17:35:59-05:00,0,81
static/style.css,142,css,4e51efd,voidism,2024-03-03,17:35:59,-05:00,2024-03-03T17:35:59-05:00,0,91
static/style.css,143,css,4e51efd,voidism,2024-03-03,17:35:59,-05:00,2024-03-03T17:35:59-05:00,0,0
static/style.css,144,css,4e51efd,voidism,2024-03-03,17:35:59,-05:00,2024-03-03T17:35:59-05:00,0,13
static/style.css,145,css,4e51efd,voidism,2024-03-03,17:35:59,-05:00,2024-03-03T17:35:59-05:00,0,38
static/style.css,146,css,4e51efd,voidism,2024-03-03,17:35:59,-05:00,2024-03-03T17:35:59-05:00,0,57
static/style.css,147,css,4e51efd,voidism,2024-03-03,17:35:59,-05:00,2024-03-03T17:35:59-05:00,0,0
static/style.css,148,css,4e51efd,voidism,2024-03-03,17:35:59,-05:00,2024-03-03T17:35:59-05:00,0,0
static/style.css,149,css,4e51efd,voidism,2024-03-03,17:35:59,-05:00,2024-03-03T17:35:59-05:00,0,26
static/style.css,150,css,4e51efd,voidism,2024-03-03,17:35:59,-05:00,2024-03-03T17:35:59-05:00,0,46
static/style.css,151,css,4e51efd,voidism,2024-03-03,17:35:59,-05:00,2024-03-03T17:35:59-05:00,0,68
static/style.css,152,css,4e51efd,voidism,2024-03-03,17:35:59,-05:00,2024-03-03T17:35:59-05:00,0,0
static/style.css,153,css,4e51efd,voidism,2024-03-03,17:35:59,-05:00,2024-03-03T17:35:59-05:00,0,0
static/style.css,154,css,4e51efd,voidism,2024-03-03,17:35:59,-05:00,2024-03-03T17:35:59-05:00,0,5
static/style.css,155,css,4e51efd,voidism,2024-03-03,17:35:59,-05:00,2024-03-03T17:35:59-05:00,0,38
static/style.css,156,css,4e51efd,voidism,2024-03-03,17:35:59,-05:00,2024-03-03T17:35:59-05:00,0,52
static/style.css,157,css,4e51efd,voidism,2024-03-03,17:35:59,-05:00,2024-03-03T17:35:59-05:00,0,44
static/style.css,158,css,4e51efd,voidism,2024-03-03,17:35:59,-05:00,2024-03-03T17:35:59-05:00,0,0
static/style.css,159,css,4e51efd,voidism,2024-03-03,17:35:59,-05:00,2024-03-03T17:35:59-05:00,0,0
static/style.css,160,css,4e51efd,voidism,2024-03-03,17:35:59,-05:00,2024-03-03T17:35:59-05:00,0,11
static/style.css,161,css,4e51efd,voidism,2024-03-03,17:35:59,-05:00,2024-03-03T17:35:59-05:00,0,58
static/style.css,162,css,4e51efd,voidism,2024-03-03,17:35:59,-05:00,2024-03-03T17:35:59-05:00,0,48
static/style.css,163,css,4e51efd,voidism,2024-03-03,17:35:59,-05:00,2024-03-03T17:35:59-05:00,0,49
static/style.css,164,css,4e51efd,voidism,2024-03-03,17:35:59,-05:00,2024-03-03T17:35:59-05:00,0,0
static/style.css,165,css,4e51efd,voidism,2024-03-03,17:35:59,-05:00,2024-03-03T17:35:59-05:00,0,0
static/style.css,166,css,4e51efd,voidism,2024-03-03,17:35:59,-05:00,2024-03-03T17:35:59-05:00,0,52
static/style.css,167,css,4e51efd,voidism,2024-03-03,17:35:59,-05:00,2024-03-03T17:35:59-05:00,0,11
static/style.css,168,css,4e51efd,voidism,2024-03-03,17:35:59,-05:00,2024-03-03T17:35:59-05:00,0,16
static/style.css,169,css,4e51efd,voidism,2024-03-03,17:35:59,-05:00,2024-03-03T17:35:59-05:00,0,0
static/style.css,170,css,4e51efd,voidism,2024-03-03,17:35:59,-05:00,2024-03-03T17:35:59-05:00,0,0
static/style.css,171,css,4e51efd,voidism,2024-03-03,17:35:59,-05:00,2024-03-03T17:35:59-05:00,0,19
static/style.css,172,css,4e51efd,voidism,2024-03-03,17:35:59,-05:00,2024-03-03T17:35:59-05:00,0,18
static/style.css,173,css,4e51efd,voidism,2024-03-03,17:35:59,-05:00,2024-03-03T17:35:59-05:00,0,9
static/style.css,174,css,4e51efd,voidism,2024-03-03,17:35:59,-05:00,2024-03-03T17:35:59-05:00,0,11
static/style.css,175,css,4e51efd,voidism,2024-03-03,17:35:59,-05:00,2024-03-03T17:35:59-05:00,0,14
static/style.css,176,css,464ed697,voidism,2024-03-05,16:46:52,-05:00,2024-03-05T16:46:52-05:00,0,0
static/style.css,177,css,464ed697,voidism,2024-03-05,16:46:52,-05:00,2024-03-05T16:46:52-05:00,0,0
static/style.css,178,css,464ed697,voidism,2024-03-05,16:46:52,-05:00,2024-03-05T16:46:52-05:00,0,4
static/style.css,179,css,464ed697,voidism,2024-03-05,16:46:52,-05:00,2024-03-05T16:46:52-05:00,0,64
static/style.css,180,css,464ed697,voidism,2024-03-05,16:46:52,-05:00,2024-03-05T16:46:52-05:00,0,40
static/style.css,181,css,464ed697,voidism,2024-03-05,16:46:52,-05:00,2024-03-05T16:46:52-05:00,0,0
static/style.css,182,css,464ed697,voidism,2024-03-05,16:46:52,-05:00,2024-03-05T16:46:52-05:00,0,10
static/style.css,183,css,464ed697,voidism,2024-03-05,16:46:52,-05:00,2024-03-05T16:46:52-05:00,0,38
static/style.css,184,css,464ed697,voidism,2024-03-05,16:46:52,-05:00,2024-03-05T16:46:52-05:00,0,82
static/style.css,185,css,464ed697,voidism,2024-03-05,16:46:52,-05:00,2024-03-05T16:46:52-05:00,0,55
static/style.css,186,css,464ed697,voidism,2024-03-05,16:46:52,-05:00,2024-03-05T16:46:52-05:00,0,0
static/style.css,187,css,464ed697,voidism,2024-03-05,16:46:52,-05:00,2024-03-05T16:46:52-05:00,0,0
static/style.css,188,css,464ed697,voidism,2024-03-05,16:46:52,-05:00,2024-03-05T16:46:52-05:00,0,9
static/style.css,189,css,464ed697,voidism,2024-03-05,16:46:52,-05:00,2024-03-05T16:46:52-05:00,0,19
static/style.css,190,css,464ed697,voidism,2024-03-05,16:46:52,-05:00,2024-03-05T16:46:52-05:00,0,0
static/style.css,191,css,464ed697,voidism,2024-03-05,16:46:52,-05:00,2024-03-05T16:46:52-05:00,0,16
static/style.css,192,css,464ed697,voidism,2024-03-05,16:46:52,-05:00,2024-03-05T16:46:52-05:00,0,15
static/style.css,193,css,464ed697,voidism,2024-03-05,16:46:52,-05:00,2024-03-05T16:46:52-05:00,0,17
static/style.css,194,css,464ed697,voidism,2024-03-05,16:46:52,-05:00,2024-03-05T16:46:52-05:00,0,0
static/style.css,195,css,464ed697,voidism,2024-03-05,16:46:52,-05:00,2024-03-05T16:46:52-05:00,0,41
static/style.css,196,css,464ed697,voidism,2024-03-05,16:46:52,-05:00,2024-03-05T16:46:52-05:00,0,54
static/style.css,197,css,464ed697,voidism,2024-03-05,16:46:52,-05:00,2024-03-05T16:46:52-05:00,0,0
static/style.css,198,css,464ed697,voidism,2024-03-05,16:46:52,-05:00,2024-03-05T16:46:52-05:00,0,0
static/style.css,199,css,464ed697,voidism,2024-03-05,16:46:52,-05:00,2024-03-05T16:46:52-05:00,0,5
static/style.css,200,css,464ed697,voidism,2024-03-05,16:46:52,-05:00,2024-03-05T16:46:52-05:00,0,62
static/style.css,201,css,464ed697,voidism,2024-03-05,16:46:52,-05:00,2024-03-05T16:46:52-05:00,0,0
static/style.css,202,css,464ed697,voidism,2024-03-05,16:46:52,-05:00,2024-03-05T16:46:52-05:00,0,0
static/style.css,203,css,464ed697,voidism,2024-03-05,16:46:52,-05:00,2024-03-05T16:46:52-05:00,0,3
static/style.css,204,css,464ed697,voidism,2024-03-05,16:46:52,-05:00,2024-03-05T16:46:52-05:00,0,57
static/style.css,205,css,464ed697,voidism,2024-03-05,16:46:52,-05:00,2024-03-05T16:46:52-05:00,0,0
static/style.css,206,css,464ed697,voidism,2024-03-05,16:46:52,-05:00,2024-03-05T16:46:52-05:00,0,0
static/style.css,207,css,464ed697,voidism,2024-03-05,16:46:52,-05:00,2024-03-05T16:46:52-05:00,0,23
static/style.css,208,css,464ed697,voidism,2024-03-05,16:46:52,-05:00,2024-03-05T16:46:52-05:00,0,51
static/style.css,209,css,464ed697,voidism,2024-03-05,16:46:52,-05:00,2024-03-05T16:46:52-05:00,0,49
static/style.css,210,css,9a8b6f63,voidism,2024-03-12,19:20:01,-04:00,2024-03-12T19:20:01-04:00,0,0
static/global.js,1,js,4e51efd,voidism,2024-03-03,17:35:59,-05:00,2024-03-03T17:35:59-05:00,0,26
static/global.js,2,js,4e51efd,voidism,2024-03-03,17:35:59,-05:00,2024-03-03T17:35:59-05:00,0,0
static/global.js,3,js,4e51efd,voidism,2024-03-03,17:35:59,-05:00,2024-03-03T17:35:59-05:00,0,43
static/global.js,4,js,4e51efd,voidism,2024-03-03,17:35:59,-05:00,2024-03-03T17:35:59-05:00,1,53
static/global.js,5,js,4e51efd,voidism,2024-03-03,17:35:59,-05:00,2024-03-03T17:35:59-05:00,0,0
static/global.js,6,js,4e51efd,voidism,2024-03-03,17:35:59,-05:00,2024-03-03T17:35:59-05:00,0,0
static/global.js,7,js,4e51efd,voidism,2024-03-03,17:35:59,-05:00,2024-03-03T17:35:59-05:00,0,12
static/global.js,8,js,257d36c0,voidism,2024-03-04,10:01:49,-05:00,2024-03-04T10:01:49-05:00,0,60
static/global.js,9,js,257d36c0,voidism,2024-03-04,10:01:49,-05:00,2024-03-04T10:01:49-05:00,0,72
static/global.js,10,js,257d36c0,voidism,2024-03-04,10:01:49,-05:00,2024-03-04T10:01:49-05:00,0,70
static/global.js,11,js,257d36c0,voidism,2024-03-04,10:01:49,-05:00,2024-03-04T10:01:49-05:00,0,60
static/global.js,12,js,00000000,Not Committed Yet,2024-04-01,23:40:24,-04:00,2024-04-01T23:40:24-04:00,0,64
static/global.js,13,js,4e51efd,voidism,2024-03-03,17:35:59,-05:00,2024-03-03T17:35:59-05:00,0,1
static/global.js,14,js,4e51efd,voidism,2024-03-03,17:35:59,-05:00,2024-03-03T17:35:59-05:00,0,0
static/global.js,15,js,4e51efd,voidism,2024-03-03,17:35:59,-05:00,2024-03-03T17:35:59-05:00,0,39
static/global.js,16,js,4e51efd,voidism,2024-03-03,17:35:59,-05:00,2024-03-03T17:35:59-05:00,0,26
static/global.js,17,js,4e51efd,voidism,2024-03-03,17:35:59,-05:00,2024-03-03T17:35:59-05:00,0,0
static/global.js,18,js,4e51efd,voidism,2024-03-03,17:35:59,-05:00,2024-03-03T17:35:59-05:00,0,71
static/global.js,19,js,4e51efd,voidism,2024-03-03,17:35:59,-05:00,2024-03-03T17:35:59-05:00,0,0
static/global.js,20,js,4e51efd,voidism,2024-03-03,17:35:59,-05:00,2024-03-03T17:35:59-05:00,0,21
static/global.js,21,js,4e51efd,voidism,2024-03-03,17:35:59,-05:00,2024-03-03T17:35:59-05:00,0,15
static/global.js,22,js,4e51efd,voidism,2024-03-03,17:35:59,-05:00,2024-03-03T17:35:59-05:00,0,19
static/global.js,23,js,4e51efd,voidism,2024-03-03,17:35:59,-05:00,2024-03-03T17:35:59-05:00,0,0
static/global.js,24,js,4e51efd,voidism,2024-03-03,17:35:59,-05:00,2024-03-03T17:35:59-05:00,0,65
static/global.js,25,js,4e51efd,voidism,2024-03-03,17:35:59,-05:00,2024-03-03T17:35:59-05:00,0,0
static/global.js,26,js,4e51efd,voidism,2024-03-03,17:35:59,-05:00,2024-03-03T17:35:59-05:00,0,35
static/global.js,27,js,4e51efd,voidism,2024-03-03,17:35:59,-05:00,2024-03-03T17:35:59-05:00,0,12
static/global.js,28,js,4e51efd,voidism,2024-03-03,17:35:59,-05:00,2024-03-03T17:35:59-05:00,0,21
static/global.js,29,js,4e51efd,voidism,2024-03-03,17:35:59,-05:00,2024-03-03T17:35:59-05:00,0,0
static/global.js,30,js,4e51efd,voidism,2024-03-03,17:35:59,-05:00,2024-03-03T17:35:59-05:00,0,66
static/global.js,31,js,4e51efd,voidism,2024-03-03,17:35:59,-05:00,2024-03-03T17:35:59-05:00,0,26
static/global.js,32,js,4e51efd,voidism,2024-03-03,17:35:59,-05:00,2024-03-03T17:35:59-05:00,0,0
static/global.js,33,js,4e51efd,voidism,2024-03-03,17:35:59,-05:00,2024-03-03T17:35:59-05:00,0,0
static/global.js,34,js,4e51efd,voidism,2024-03-03,17:35:59,-05:00,2024-03-03T17:35:59-05:00,0,30
static/global.js,35,js,4e51efd,voidism,2024-03-03,17:35:59,-05:00,2024-03-03T17:35:59-05:00,0,19
static/global.js,36,js,4e51efd,voidism,2024-03-03,17:35:59,-05:00,2024-03-03T17:35:59-05:00,0,0
static/global.js,37,js,4e51efd,voidism,2024-03-03,17:35:59,-05:00,2024-03-03T17:35:59-05:00,0,0
static/global.js,38,js,4e51efd,voidism,2024-03-03,17:35:59,-05:00,2024-03-03T17:35:59-05:00,0,13
static/global.js,39,js,4e51efd,voidism,2024-03-03,17:35:59,-05:00,2024-03-03T17:35:59-05:00,0,0
static/global.js,40,js,4e51efd,voidism,2024-03-03,17:35:59,-05:00,2024-03-03T17:35:59-05:00,0,0
static/global.js,41,js,4e51efd,voidism,2024-03-03,17:35:59,-05:00,2024-03-03T17:35:59-05:00,0,0
static/global.js,42,js,9a8b6f63,voidism,2024-03-12,19:20:01,-04:00,2024-03-12T19:20:01-04:00,0,50
static/global.js,43,js,9a8b6f63,voidism,2024-03-12,19:20:01,-04:00,2024-03-12T19:20:01-04:00,0,30
static/global.js,44,js,9a8b6f63,voidism,2024-03-12,19:20:01,-04:00,2024-03-12T19:20:01-04:00,0,12
static/global.js,45,js,9a8b6f63,voidism,2024-03-12,19:20:01,-04:00,2024-03-12T19:20:01-04:00,0,32
static/global.js,46,js,9a8b6f63,voidism,2024-03-12,19:20:01,-04:00,2024-03-12T19:20:01-04:00,0,55
static/global.js,47,js,9a8b6f63,voidism,2024-03-12,19:20:01,-04:00,2024-03-12T19:20:01-04:00,0,46
static/global.js,48,js,9a8b6f63,voidism,2024-03-12,19:20:01,-04:00,2024-03-12T19:20:01-04:00,0,44
static/global.js,49,js,9a8b6f63,voidism,2024-03-12,19:20:01,-04:00,2024-03-12T19:20:01-04:00,0,15
static/global.js,50,js,9a8b6f63,voidism,2024-03-12,19:20:01,-04:00,2024-03-12T19:20:01-04:00,0,11
static/global.js,51,js,9a8b6f63,voidism,2024-03-12,19:20:01,-04:00,2024-03-12T19:20:01-04:00,0,4
static/global.js,52,js,9a8b6f63,voidism,2024-03-12,19:20:01,-04:00,2024-03-12T19:20:01-04:00,0,0
static/global.js,53,js,9a8b6f63,voidism,2024-03-12,19:20:01,-04:00,2024-03-12T19:20:01-04:00,0,64
static/global.js,54,js,9a8b6f63,voidism,2024-03-12,19:20:01,-04:00,2024-03-12T19:20:01-04:00,0,0
static/global.js,55,js,9a8b6f63,voidism,2024-03-12,19:20:01,-04:00,2024-03-12T19:20:01-04:00,0,52
static/global.js,56,js,9a8b6f63,voidism,2024-03-12,19:20:01,-04:00,2024-03-12T19:20:01-04:00,0,85
static/global.js,57,js,9a8b6f63,voidism,2024-03-12,19:20:01,-04:00,2024-03-12T19:20:01-04:00,0,5
static/global.js,58,js,9a8b6f63,voidism,2024-03-12,19:20:01,-04:00,2024-03-12T19:20:01-04:00,0,0
static/global.js,59,js,9a8b6f63,voidism,2024-03-12,19:20:01,-04:00,2024-03-12T19:20:01-04:00,0,38
static/global.js,60,js,9a8b6f63,voidism,2024-03-12,19:20:01,-04:00,2024-03-12T19:20:01-04:00,0,91
static/global.js,61,js,9a8b6f63,voidism,2024-03-12,19:20:01,-04:00,2024-03-12T19:20:01-04:00,0,46
static/global.js,62,js,9a8b6f63,voidism,2024-03-12,19:20:01,-04:00,2024-03-12T19:20:01-04:00,0,3
static/global.js,63,js,9a8b6f63,voidism,2024-03-12,19:20:01,-04:00,2024-03-12T19:20:01-04:00,0,0
static/global.js,64,js,9a8b6f63,voidism,2024-03-12,19:20:01,-04:00,2024-03-12T19:20:01-04:00,0,52
static/global.js,65,js,9a8b6f63,voidism,2024-03-12,19:20:01,-04:00,2024-03-12T19:20:01-04:00,0,52
static/global.js,66,js,9a8b6f63,voidism,2024-03-12,19:20:01,-04:00,2024-03-12T19:20:01-04:00,0,0
static/global.js,67,js,9a8b6f63,voidism,2024-03-12,19:20:01,-04:00,2024-03-12T19:20:01-04:00,0,85
static/global.js,68,js,9a8b6f63,voidism,2024-03-12,19:20:01,-04:00,2024-03-12T19:20:01-04:00,0,5
src/app.html,1,html,4e51efd,voidism,2024-03-03,17:35:59,-05:00,2024-03-03T17:35:59-05:00,0,14
src/app.html,2,html,4e51efd,voidism,2024-03-03,17:35:59,-05:00,2024-03-03T17:35:59-05:00,0,15
src/app.html,3,html,4e51efd,voidism,2024-03-03,17:35:59,-05:00,2024-03-03T17:35:59-05:00,1,5
src/app.html,4,html,4e51efd,voidism,2024-03-03,17:35:59,-05:00,2024-03-03T17:35:59-05:00,2,23
src/app.html,5,html,4e51efd,voidism,2024-03-03,17:35:59,-05:00,2024-03-03T17:35:59-05:00,2,56
src/app.html,6,html,4e51efd,voidism,2024-03-03,17:35:59,-05:00,2024-03-03T17:35:59-05:00,2,69
src/app.html,7,html,4e51efd,voidism,2024-03-03,17:35:59,-05:00,2024-03-03T17:35:59-05:00,2,15
src/app.html,8,html,4e51efd,voidism,2024-03-03,17:35:59,-05:00,2024-03-03T17:35:59-05:00,0,30
src/app.html,9,html,4e51efd,voidism,2024-03-03,17:35:59,-05:00,2024-03-03T17:35:59-05:00,0,60
src/app.html,10,html,4e51efd,voidism,2024-03-03,17:35:59,-05:00,2024-03-03T17:35:59-05:00,0,65
src/app.html,11,html,4e51efd,voidism,2024-03-03,17:35:59,-05:00,2024-03-03T17:35:59-05:00,1,6
src/app.html,12,html,4e51efd,voidism,2024-03-03,17:35:59,-05:00,2024-03-03T17:35:59-05:00,0,12
src/app.html,13,html,4e51efd,voidism,2024-03-03,17:35:59,-05:00,2024-03-03T17:35:59-05:00,0,18
src/app.html,14,html,4e51efd,voidism,2024-03-03,17:35:59,-05:00,2024-03-03T17:35:59-05:00,0,13
src/app.html,15,html,4e51efd,voidism,2024-03-03,17:35:59,-05:00,2024-03-03T17:35:59-05:00,1,41
src/app.html,16,html,4e51efd,voidism,2024-03-03,17:35:59,-05:00,2024-03-03T17:35:59-05:00,2,52
src/app.html,17,html,4e51efd,voidism,2024-03-03,17:35:59,-05:00,2024-03-03T17:35:59-05:00,1,6
src/app.html,18,html,4e51efd,voidism,2024-03-03,17:35:59,-05:00,2024-03-03T17:35:59-05:00,0,6
src/routes/+page.svelte,1,svelte,464ed697,voidism,2024-03-05,16:46:52,-05:00,2024-03-05T16:46:52-05:00,0,7
src/routes/+page.svelte,2,js,464ed697,voidism,2024-03-05,16:46:52,-05:00,2024-03-05T16:46:52-05:00,0,41
src/routes/+page.svelte,3,js,464ed697,voidism,2024-03-05,16:46:52,-05:00,2024-03-05T16:46:52-05:00,0,41
src/routes/+page.svelte,4,js,9a8b6f63,voidism,2024-03-12,19:20:01,-04:00,2024-03-12T19:20:01-04:00,0,41
src/routes/+page.svelte,5,svelte,464ed697,voidism,2024-03-05,16:46:52,-05:00,2024-03-05T16:46:52-05:00,0,8
src/routes/+page.svelte,6,svelte,464ed697,voidism,2024-03-05,16:46:52,-05:00,2024-03-05T16:46:52-05:00,0,0
src/routes/+page.svelte,7,svelte,464ed697,voidism,2024-03-05,16:46:52,-05:00,2024-03-05T16:46:52-05:00,0,0
src/routes/+page.svelte,8,svelte,9a8b6f63,voidism,2024-03-12,19:20:01,-04:00,2024-03-12T19:20:01-04:00,0,6
src/routes/+page.svelte,9,css,9a8b6f63,voidism,2024-03-12,19:20:01,-04:00,2024-03-12T19:20:01-04:00,0,6
src/routes/+page.svelte,10,css,9a8b6f63,voidism,2024-03-12,19:20:01,-04:00,2024-03-12T19:20:01-04:00,0,13
src/routes/+page.svelte,11,css,9a8b6f63,voidism,2024-03-12,19:20:01,-04:00,2024-03-12T19:20:01-04:00,0,37
src/routes/+page.svelte,12,css,9a8b6f63,voidism,2024-03-12,19:20:01,-04:00,2024-03-12T19:20:01-04:00,0,29
src/routes/+page.svelte,13,css,9a8b6f63,voidism,2024-03-12,19:20:01,-04:00,2024-03-12T19:20:01-04:00,0,0
src/routes/+page.svelte,14,css,9a8b6f63,voidism,2024-03-12,19:20:01,-04:00,2024-03-12T19:20:01-04:00,0,3
src/routes/+page.svelte,15,css,9a8b6f63,voidism,2024-03-12,19:20:01,-04:00,2024-03-12T19:20:01-04:00,0,11
src/routes/+page.svelte,16,css,9a8b6f63,voidism,2024-03-12,19:20:01,-04:00,2024-03-12T19:20:01-04:00,0,0
src/routes/+page.svelte,17,css,9a8b6f63,voidism,2024-03-12,19:20:01,-04:00,2024-03-12T19:20:01-04:00,0,3
src/routes/+page.svelte,18,css,9a8b6f63,voidism,2024-03-12,19:20:01,-04:00,2024-03-12T19:20:01-04:00,0,11
src/routes/+page.svelte,19,css,9a8b6f63,voidism,2024-03-12,19:20:01,-04:00,2024-03-12T19:20:01-04:00,0,3
src/routes/+page.svelte,20,css,9a8b6f63,voidism,2024-03-12,19:20:01,-04:00,2024-03-12T19:20:01-04:00,0,23
src/routes/+page.svelte,21,css,9a8b6f63,voidism,2024-03-12,19:20:01,-04:00,2024-03-12T19:20:01-04:00,0,3
src/routes/+page.svelte,22,css,9a8b6f63,voidism,2024-03-12,19:20:01,-04:00,2024-03-12T19:20:01-04:00,0,13
src/routes/+page.svelte,23,css,9a8b6f63,voidism,2024-03-12,19:20:01,-04:00,2024-03-12T19:20:01-04:00,0,37
src/routes/+page.svelte,24,css,9a8b6f63,voidism,2024-03-12,19:20:01,-04:00,2024-03-12T19:20:01-04:00,0,14
src/routes/+page.svelte,25,css,9a8b6f63,voidism,2024-03-12,19:20:01,-04:00,2024-03-12T19:20:01-04:00,0,19
src/routes/+page.svelte,26,css,9a8b6f63,voidism,2024-03-12,19:20:01,-04:00,2024-03-12T19:20:01-04:00,0,13
src/routes/+page.svelte,27,css,9a8b6f63,voidism,2024-03-12,19:20:01,-04:00,2024-03-12T19:20:01-04:00,0,18
src/routes/+page.svelte,28,css,9a8b6f63,voidism,2024-03-12,19:20:01,-04:00,2024-03-12T19:20:01-04:00,0,40
src/routes/+page.svelte,29,css,9a8b6f63,voidism,2024-03-12,19:20:01,-04:00,2024-03-12T19:20:01-04:00,0,12
src/routes/+page.svelte,30,css,9a8b6f63,voidism,2024-03-12,19:20:01,-04:00,2024-03-12T19:20:01-04:00,0,16
src/routes/+page.svelte,31,css,9a8b6f63,voidism,2024-03-12,19:20:01,-04:00,2024-03-12T19:20:01-04:00,0,0
src/routes/+page.svelte,32,css,9a8b6f63,voidism,2024-03-12,19:20:01,-04:00,2024-03-12T19:20:01-04:00,0,3
src/routes/+page.svelte,33,css,9a8b6f63,voidism,2024-03-12,19:20:01,-04:00,2024-03-12T19:20:01-04:00,0,16
src/routes/+page.svelte,34,css,9a8b6f63,voidism,2024-03-12,19:20:01,-04:00,2024-03-12T19:20:01-04:00,0,11
src/routes/+page.svelte,35,css,9a8b6f63,voidism,2024-03-12,19:20:01,-04:00,2024-03-12T19:20:01-04:00,0,17
src/routes/+page.svelte,36,css,9a8b6f63,voidism,2024-03-12,19:20:01,-04:00,2024-03-12T19:20:01-04:00,0,0
src/routes/+page.svelte,37,css,9a8b6f63,voidism,2024-03-12,19:20:01,-04:00,2024-03-12T19:20:01-04:00,0,3
src/routes/+page.svelte,38,css,9a8b6f63,voidism,2024-03-12,19:20:01,-04:00,2024-03-12T19:20:01-04:00,0,16
src/routes/+page.svelte,39,css,9a8b6f63,voidism,2024-03-12,19:20:01,-04:00,2024-03-12T19:20:01-04:00,0,14
src/routes/+page.svelte,40,css,9a8b6f63,voidism,2024-03-12,19:20:01,-04:00,2024-03-12T19:20:01-04:00,0,17
src/routes/+page.svelte,41,css,9a8b6f63,voidism,2024-03-12,19:20:01,-04:00,2024-03-12T19:20:01-04:00,0,9
src/routes/+page.svelte,42,css,9a8b6f63,voidism,2024-03-12,19:20:01,-04:00,2024-03-12T19:20:01-04:00,0,0
src/routes/+page.svelte,43,css,9a8b6f63,voidism,2024-03-12,19:20:01,-04:00,2024-03-12T19:20:01-04:00,0,7
src/routes/+page.svelte,44,css,9a8b6f63,voidism,2024-03-12,19:20:01,-04:00,2024-03-12T19:20:01-04:00,0,14
src/routes/+page.svelte,45,css,9a8b6f63,voidism,2024-03-12,19:20:01,-04:00,2024-03-12T19:20:01-04:00,0,0
src/routes/+page.svelte,46,css,9a8b6f63,voidism,2024-03-12,19:20:01,-04:00,2024-03-12T19:20:01-04:00,0,23
src/routes/+page.svelte,47,svelte,9a8b6f63,voidism,2024-03-12,19:20:01,-04:00,2024-03-12T19:20:01-04:00,0,7
src/routes/+page.svelte,48,svelte,464ed697,voidism,2024-03-05,16:46:52,-05:00,2024-03-05T16:46:52-05:00,0,0
src/routes/+page.svelte,49,svelte,9539ea16,voidism,2024-03-04,09:51:00,-05:00,2024-03-04T09:51:00-05:00,0,12
src/routes/+page.svelte,50,svelte,9539ea16,voidism,2024-03-04,09:51:00,-05:00,2024-03-04T09:51:00-05:00,1,18
src/routes/+page.svelte,51,svelte,9539ea16,voidism,2024-03-04,09:51:00,-05:00,2024-03-04T09:51:00-05:00,0,13
src/routes/+page.svelte,52,svelte,9539ea16,voidism,2024-03-04,09:51:00,-05:00,2024-03-04T09:51:00-05:00,0,0
src/routes/+page.svelte,53,svelte,9539ea16,voidism,2024-03-04,09:51:00,-05:00,2024-03-04T09:51:00-05:00,0,7
src/routes/+page.svelte,54,svelte,9539ea16,voidism,2024-03-04,09:51:00,-05:00,2024-03-04T09:51:00-05:00,0,24
src/routes/+page.svelte,55,svelte,9539ea16,voidism,2024-03-04,09:51:00,-05:00,2024-03-04T09:51:00-05:00,0,164
src/routes/+page.svelte,56,svelte,9539ea16,voidism,2024-03-04,09:51:00,-05:00,2024-03-04T09:51:00-05:00,0,8
src/routes/+page.svelte,57,svelte,9539ea16,voidism,2024-03-04,09:51:00,-05:00,2024-03-04T09:51:00-05:00,0,0
src/routes/+page.svelte,58,svelte,9539ea16,voidism,2024-03-04,09:51:00,-05:00,2024-03-04T09:51:00-05:00,0,23
src/routes/+page.svelte,59,svelte,9539ea16,voidism,2024-03-04,09:51:00,-05:00,2024-03-04T09:51:00-05:00,0,40
src/routes/+page.svelte,60,svelte,9539ea16,voidism,2024-03-04,09:51:00,-05:00,2024-03-04T09:51:00-05:00,0,8
src/routes/+page.svelte,61,svelte,9539ea16,voidism,2024-03-04,09:51:00,-05:00,2024-03-04T09:51:00-05:00,0,7
src/routes/+page.svelte,62,svelte,9539ea16,voidism,2024-03-04,09:51:00,-05:00,2024-03-04T09:51:00-05:00,0,86
src/routes/+page.svelte,63,svelte,9539ea16,voidism,2024-03-04,09:51:00,-05:00,2024-03-04T09:51:00-05:00,0,25
src/routes/+page.svelte,64,svelte,9539ea16,voidism,2024-03-04,09:51:00,-05:00,2024-03-04T09:51:00-05:00,0,8
src/routes/+page.svelte,65,svelte,9539ea16,voidism,2024-03-04,09:51:00,-05:00,2024-03-04T09:51:00-05:00,0,30
src/routes/+page.svelte,66,svelte,9539ea16,voidism,2024-03-04,09:51:00,-05:00,2024-03-04T09:51:00-05:00,0,9
src/routes/+page.svelte,67,svelte,9539ea16,voidism,2024-03-04,09:51:00,-05:00,2024-03-04T09:51:00-05:00,0,8
src/routes/+page.svelte,68,svelte,9539ea16,voidism,2024-03-04,09:51:00,-05:00,2024-03-04T09:51:00-05:00,0,7
src/routes/+page.svelte,69,svelte,9539ea16,voidism,2024-03-04,09:51:00,-05:00,2024-03-04T09:51:00-05:00,0,72
src/routes/+page.svelte,70,svelte,9539ea16,voidism,2024-03-04,09:51:00,-05:00,2024-03-04T09:51:00-05:00,0,27
src/routes/+page.svelte,71,svelte,9539ea16,voidism,2024-03-04,09:51:00,-05:00,2024-03-04T09:51:00-05:00,0,8
src/routes/+page.svelte,72,svelte,9539ea16,voidism,2024-03-04,09:51:00,-05:00,2024-03-04T09:51:00-05:00,0,32
src/routes/+page.svelte,73,svelte,9539ea16,voidism,2024-03-04,09:51:00,-05:00,2024-03-04T09:51:00-05:00,0,9
src/routes/+page.svelte,74,svelte,9539ea16,voidism,2024-03-04,09:51:00,-05:00,2024-03-04T09:51:00-05:00,0,9
src/routes/+page.svelte,75,svelte,9539ea16,voidism,2024-03-04,09:51:00,-05:00,2024-03-04T09:51:00-05:00,0,0
src/routes/+page.svelte,76,svelte,9a8b6f63,voidism,2024-03-12,19:20:01,-04:00,2024-03-12T19:20:01-04:00,0,8
src/routes/+page.svelte,77,svelte,9a8b6f63,voidism,2024-03-12,19:20:01,-04:00,2024-03-12T19:20:01-04:00,0,33
src/routes/+page.svelte,78,svelte,9a8b6f63,voidism,2024-03-12,19:20:01,-04:00,2024-03-12T19:20:01-04:00,0,30
src/routes/+page.svelte,79,svelte,9a8b6f63,voidism,2024-03-12,19:20:01,-04:00,2024-03-12T19:20:01-04:00,0,8
src/routes/+page.svelte,80,svelte,9a8b6f63,voidism,2024-03-12,19:20:01,-04:00,2024-03-12T19:20:01-04:00,0,20
src/routes/+page.svelte,81,svelte,9a8b6f63,voidism,2024-03-12,19:20:01,-04:00,2024-03-12T19:20:01-04:00,0,3
src/routes/+page.svelte,82,svelte,9a8b6f63,voidism,2024-03-12,19:20:01,-04:00,2024-03-12T19:20:01-04:00,0,18
src/routes/+page.svelte,83,svelte,9a8b6f63,voidism,2024-03-12,19:20:01,-04:00,2024-03-12T19:20:01-04:00,0,24
src/routes/+page.svelte,84,svelte,9a8b6f63,voidism,2024-03-12,19:20:01,-04:00,2024-03-12T19:20:01-04:00,0,18
src/routes/+page.svelte,85,svelte,9a8b6f63,voidism,2024-03-12,19:20:01,-04:00,2024-03-12T19:20:01-04:00,0,24
src/routes/+page.svelte,86,svelte,9a8b6f63,voidism,2024-03-12,19:20:01,-04:00,2024-03-12T19:20:01-04:00,0,21
src/routes/+page.svelte,87,svelte,9a8b6f63,voidism,2024-03-12,19:20:01,-04:00,2024-03-12T19:20:01-04:00,0,27
src/routes/+page.svelte,88,svelte,9a8b6f63,voidism,2024-03-12,19:20:01,-04:00,2024-03-12T19:20:01-04:00,0,21
src/routes/+page.svelte,89,svelte,9a8b6f63,voidism,2024-03-12,19:20:01,-04:00,2024-03-12T19:20:01-04:00,0,27
src/routes/+page.svelte,90,svelte,9a8b6f63,voidism,2024-03-12,19:20:01,-04:00,2024-03-12T19:20:01-04:00,0,4
src/routes/+page.svelte,91,svelte,9a8b6f63,voidism,2024-03-12,19:20:01,-04:00,2024-03-12T19:20:01-04:00,0,9
src/routes/+page.svelte,92,svelte,9a8b6f63,voidism,2024-03-12,19:20:01,-04:00,2024-03-12T19:20:01-04:00,0,13
src/routes/+page.svelte,93,svelte,9a8b6f63,voidism,2024-03-12,19:20:01,-04:00,2024-03-12T19:20:01-04:00,0,42
src/routes/+page.svelte,94,svelte,9a8b6f63,voidism,2024-03-12,19:20:01,-04:00,2024-03-12T19:20:01-04:00,0,7
src/routes/+page.svelte,95,svelte,9a8b6f63,voidism,2024-03-12,19:20:01,-04:00,2024-03-12T19:20:01-04:00,0,0
src/routes/+page.svelte,96,svelte,9a8b6f63,voidism,2024-03-12,19:20:01,-04:00,2024-03-12T19:20:01-04:00,0,9
src/routes/+page.svelte,97,svelte,9a8b6f63,voidism,2024-03-12,19:20:01,-04:00,2024-03-12T19:20:01-04:00,0,0
src/routes/+page.svelte,98,svelte,464ed697,voidism,2024-03-05,16:46:52,-05:00,2024-03-05T16:46:52-05:00,0,23
src/routes/+page.svelte,99,svelte,464ed697,voidism,2024-03-05,16:46:52,-05:00,2024-03-05T16:46:52-05:00,0,21
src/routes/+page.svelte,100,svelte,464ed697,voidism,2024-03-05,16:46:52,-05:00,2024-03-05T16:46:52-05:00,0,32
src/routes/+page.svelte,101,svelte,464ed697,voidism,2024-03-05,16:46:52,-05:00,2024-03-05T16:46:52-05:00,0,28
src/routes/+page.svelte,102,svelte,464ed697,voidism,2024-03-05,16:46:52,-05:00,2024-03-05T16:46:52-05:00,0,6
src/routes/+page.svelte,103,svelte,464ed697,voidism,2024-03-05,16:46:52,-05:00,2024-03-05T16:46:52-05:00,0,5
src/routes/+page.svelte,104,svelte,464ed697,voidism,2024-03-05,16:46:52,-05:00,2024-03-05T16:46:52-05:00,0,0
src/routes/+page.svelte,105,svelte,9539ea16,voidism,2024-03-04,09:51:00,-05:00,2024-03-04T09:51:00-05:00,0,24
src/routes/+page.svelte,106,svelte,9539ea16,voidism,2024-03-04,09:51:00,-05:00,2024-03-04T09:51:00-05:00,0,51
src/routes/+page.svelte,107,svelte,9539ea16,voidism,2024-03-04,09:51:00,-05:00,2024-03-04T09:51:00-05:00,0,0
src/routes/+page.svelte,108,svelte,9539ea16,voidism,2024-03-04,09:51:00,-05:00,2024-03-04T09:51:00-05:00,0,8
src/routes/+page.svelte,109,svelte,9539ea16,voidism,2024-03-04,09:51:00,-05:00,2024-03-04T09:51:00-05:00,0,7
src/routes/+page.svelte,110,svelte,9539ea16,voidism,2024-03-04,09:51:00,-05:00,2024-03-04T09:51:00-05:00,0,48
src/routes/+page.svelte,111,svelte,9539ea16,voidism,2024-03-04,09:51:00,-05:00,2024-03-04T09:51:00-05:00,0,84
src/routes/+page.svelte,112,svelte,9539ea16,voidism,2024-03-04,09:51:00,-05:00,2024-03-04T09:51:00-05:00,0,8
src/routes/+page.svelte,113,svelte,9539ea16,voidism,2024-03-04,09:51:00,-05:00,2024-03-04T09:51:00-05:00,0,3
src/routes/+page.svelte,114,svelte,9539ea16,voidism,2024-03-04,09:51:00,-05:00,2024-03-04T09:51:00-05:00,0,100
src/routes/+page.svelte,115,svelte,9539ea16,voidism,2024-03-04,09:51:00,-05:00,2024-03-04T09:51:00-05:00,0,93
src/routes/+page.svelte,116,svelte,9539ea16,voidism,2024-03-04,09:51:00,-05:00,2024-03-04T09:51:00-05:00,0,100
src/routes/+page.svelte,117,svelte,9539ea16,voidism,2024-03-04,09:51:00,-05:00,2024-03-04T09:51:00-05:00,0,4
src/routes/+page.svelte,118,svelte,9539ea16,voidism,2024-03-04,09:51:00,-05:00,2024-03-04T09:51:00-05:00,0,9
src/routes/+page.svelte,119,svelte,9539ea16,voidism,2024-03-04,09:51:00,-05:00,2024-03-04T09:51:00-05:00,0,0
src/routes/+page.svelte,120,svelte,9539ea16,voidism,2024-03-04,09:51:00,-05:00,2024-03-04T09:51:00-05:00,0,8
src/routes/+page.svelte,121,svelte,9539ea16,voidism,2024-03-04,09:51:00,-05:00,2024-03-04T09:51:00-05:00,0,7
src/routes/+page.svelte,122,svelte,9539ea16,voidism,2024-03-04,09:51:00,-05:00,2024-03-04T09:51:00-05:00,0,29
src/routes/+page.svelte,123,svelte,9539ea16,voidism,2024-03-04,09:51:00,-05:00,2024-03-04T09:51:00-05:00,0,135
src/routes/+page.svelte,124,svelte,9539ea16,voidism,2024-03-04,09:51:00,-05:00,2024-03-04T09:51:00-05:00,0,8
src/routes/+page.svelte,125,svelte,9539ea16,voidism,2024-03-04,09:51:00,-05:00,2024-03-04T09:51:00-05:00,0,97
src/routes/+page.svelte,126,svelte,9539ea16,voidism,2024-03-04,09:51:00,-05:00,2024-03-04T09:51:00-05:00,0,9
src/routes/+page.svelte,127,svelte,9539ea16,voidism,2024-03-04,09:51:00,-05:00,2024-03-04T09:51:00-05:00,0,0
src/routes/+page.svelte,128,svelte,9539ea16,voidism,2024-03-04,09:51:00,-05:00,2024-03-04T09:51:00-05:00,0,8
src/routes/+page.svelte,129,svelte,9539ea16,voidism,2024-03-04,09:51:00,-05:00,2024-03-04T09:51:00-05:00,0,7
src/routes/+page.svelte,130,svelte,9539ea16,voidism,2024-03-04,09:51:00,-05:00,2024-03-04T09:51:00-05:00,0,29
src/routes/+page.svelte,131,svelte,9539ea16,voidism,2024-03-04,09:51:00,-05:00,2024-03-04T09:51:00-05:00,0,132
src/routes/+page.svelte,132,svelte,9539ea16,voidism,2024-03-04,09:51:00,-05:00,2024-03-04T09:51:00-05:00,0,8
src/routes/+page.svelte,133,svelte,9539ea16,voidism,2024-03-04,09:51:00,-05:00,2024-03-04T09:51:00-05:00,0,96
src/routes/+page.svelte,134,svelte,9539ea16,voidism,2024-03-04,09:51:00,-05:00,2024-03-04T09:51:00-05:00,0,9
src/routes/+page.svelte,135,svelte,9539ea16,voidism,2024-03-04,09:51:00,-05:00,2024-03-04T09:51:00-05:00,0,0
src/routes/+page.svelte,136,svelte,9539ea16,voidism,2024-03-04,09:51:00,-05:00,2024-03-04T09:51:00-05:00,0,39
src/routes/+page.svelte,137,svelte,9539ea16,voidism,2024-03-04,09:51:00,-05:00,2024-03-04T09:51:00-05:00,0,9
src/routes/+page.svelte,138,svelte,9539ea16,voidism,2024-03-04,09:51:00,-05:00,2024-03-04T09:51:00-05:00,0,89
src/routes/+page.svelte,139,svelte,9539ea16,voidism,2024-03-04,09:51:00,-05:00,2024-03-04T09:51:00-05:00,0,0
src/routes/+page.svelte,140,svelte,9539ea16,voidism,2024-03-04,09:51:00,-05:00,2024-03-04T09:51:00-05:00,0,26
src/routes/+page.svelte,141,svelte,9539ea16,voidism,2024-03-04,09:51:00,-05:00,2024-03-04T09:51:00-05:00,0,52
src/routes/+page.svelte,142,svelte,9539ea16,voidism,2024-03-04,09:51:00,-05:00,2024-03-04T09:51:00-05:00,0,3
src/routes/+page.svelte,143,svelte,9539ea16,voidism,2024-03-04,09:51:00,-05:00,2024-03-04T09:51:00-05:00,0,103
src/routes/+page.svelte,144,svelte,9539ea16,voidism,2024-03-04,09:51:00,-05:00,2024-03-04T09:51:00-05:00,0,139
src/routes/+page.svelte,145,svelte,9539ea16,voidism,2024-03-04,09:51:00,-05:00,2024-03-04T09:51:00-05:00,0,93
src/routes/+page.svelte,146,svelte,9539ea16,voidism,2024-03-04,09:51:00,-05:00,2024-03-04T09:51:00-05:00,0,31
src/routes/+page.svelte,147,svelte,9539ea16,voidism,2024-03-04,09:51:00,-05:00,2024-03-04T09:51:00-05:00,0,4
src/routes/+page.svelte,148,svelte,9539ea16,voidism,2024-03-04,09:51:00,-05:00,2024-03-04T09:51:00-05:00,0,9
src/routes/+page.svelte,149,svelte,9539ea16,voidism,2024-03-04,09:51:00,-05:00,2024-03-04T09:51:00-05:00,0,0
src/routes/+page.svelte,150,svelte,9539ea16,voidism,2024-03-04,09:51:00,-05:00,2024-03-04T09:51:00-05:00,0,23
src/routes/+page.svelte,151,svelte,9539ea16,voidism,2024-03-04,09:51:00,-05:00,2024-03-04T09:51:00-05:00,0,40
src/routes/+page.svelte,152,svelte,9539ea16,voidism,2024-03-04,09:51:00,-05:00,2024-03-04T09:51:00-05:00,0,3
src/routes/+page.svelte,153,svelte,9539ea16,voidism,2024-03-04,09:51:00,-05:00,2024-03-04T09:51:00-05:00,0,93
src/routes/+page.svelte,154,svelte,9539ea16,voidism,2024-03-04,09:51:00,-05:00,2024-03-04T09:51:00-05:00,0,74
src/routes/+page.svelte,155,svelte,9539ea16,voidism,2024-03-04,09:51:00,-05:00,2024-03-04T09:51:00-05:00,0,28
src/routes/+page.svelte,156,svelte,9539ea16,voidism,2024-03-04,09:51:00,-05:00,2024-03-04T09:51:00-05:00,0,4
src/routes/+page.svelte,157,svelte,9539ea16,voidism,2024-03-04,09:51:00,-05:00,2024-03-04T09:51:00-05:00,0,9
src/routes/+page.svelte,158,svelte,9539ea16,voidism,2024-03-04,09:51:00,-05:00,2024-03-04T09:51:00-05:00,0,0
src/routes/+page.svelte,159,svelte,9539ea16,voidism,2024-03-04,09:51:00,-05:00,2024-03-04T09:51:00-05:00,0,20
src/routes/+page.svelte,160,svelte,9539ea16,voidism,2024-03-04,09:51:00,-05:00,2024-03-04T09:51:00-05:00,0,46
src/routes/+page.svelte,161,svelte,9539ea16,voidism,2024-03-04,09:51:00,-05:00,2024-03-04T09:51:00-05:00,0,3
src/routes/+page.svelte,162,svelte,9539ea16,voidism,2024-03-04,09:51:00,-05:00,2024-03-04T09:51:00-05:00,0,72
src/routes/+page.svelte,163,svelte,9539ea16,voidism,2024-03-04,09:51:00,-05:00,2024-03-04T09:51:00-05:00,0,75
src/routes/+page.svelte,164,svelte,9539ea16,voidism,2024-03-04,09:51:00,-05:00,2024-03-04T09:51:00-05:00,0,66
src/routes/+page.svelte,165,svelte,9539ea16,voidism,2024-03-04,09:51:00,-05:00,2024-03-04T09:51:00-05:00,0,53
src/routes/+page.svelte,166,svelte,9539ea16,voidism,2024-03-04,09:51:00,-05:00,2024-03-04T09:51:00-05:00,0,4
src/routes/+page.svelte,167,svelte,9539ea16,voidism,2024-03-04,09:51:00,-05:00,2024-03-04T09:51:00-05:00,0,9
src/routes/+page.svelte,168,svelte,9539ea16,voidism,2024-03-04,09:51:00,-05:00,2024-03-04T09:51:00-05:00,0,0
src/routes/+page.svelte,169,svelte,9539ea16,voidism,2024-03-04,09:51:00,-05:00,2024-03-04T09:51:00-05:00,0,0
src/routes/+page.svelte,170,svelte,9539ea16,voidism,2024-03-04,09:51:00,-05:00,2024-03-04T09:51:00-05:00,0,0
src/routes/+page.svelte,171,svelte,9539ea16,voidism,2024-03-04,09:51:00,-05:00,2024-03-04T09:51:00-05:00,0,20
src/routes/+page.svelte,172,svelte,9539ea16,voidism,2024-03-04,09:51:00,-05:00,2024-03-04T09:51:00-05:00,0,37
src/routes/+page.svelte,173,svelte,9539ea16,voidism,2024-03-04,09:51:00,-05:00,2024-03-04T09:51:00-05:00,0,60
src/routes/+page.svelte,174,svelte,9539ea16,voidism,2024-03-04,09:51:00,-05:00,2024-03-04T09:51:00-05:00,0,64
src/routes/+page.svelte,175,svelte,9539ea16,voidism,2024-03-04,09:51:00,-05:00,2024-03-04T09:51:00-05:00,0,9
src/routes/+page.js,1,js,9a8b6f63,voidism,2024-03-12,19:20:01,-04:00,2024-03-12T19:20:01-04:00,0,70
src/routes/+page.js,2,js,9a8b6f63,voidism,2024-03-12,19:20:01,-04:00,2024-03-12T19:20:01-04:00,0,18
src/routes/+page.js,3,js,9a8b6f63,voidism,2024-03-12,19:20:01,-04:00,2024-03-12T19:20:01-04:00,0,18
src/routes/+page.js,4,js,9a8b6f63,voidism,2024-03-12,19:20:01,-04:00,2024-03-12T19:20:01-04:00,0,46
src/routes/+page.js,5,js,9a8b6f63,voidism,2024-03-12,19:20:01,-04:00,2024-03-12T19:20:01-04:00,0,0
src/routes/+page.js,6,js,9a8b6f63,voidism,2024-03-12,19:20:01,-04:00,2024-03-12T19:20:01-04:00,0,22
src/routes/+page.js,7,js,9a8b6f63,voidism,2024-03-12,19:20:01,-04:00,2024-03-12T19:20:01-04:00,0,2
src/routes/+page.js,8,js,9a8b6f63,voidism,2024-03-12,19:20:01,-04:00,2024-03-12T19:20:01-04:00,0,0
src/routes/+page.js,9,js,9a8b6f63,voidism,2024-03-12,19:20:01,-04:00,2024-03-12T19:20:01-04:00,0,29
src/routes/+page.js,10,js,9a8b6f63,voidism,2024-03-12,19:20:01,-04:00,2024-03-12T19:20:01-04:00,0,15
src/routes/+page.js,11,js,9a8b6f63,voidism,2024-03-12,19:20:01,-04:00,2024-03-12T19:20:01-04:00,0,26
src/routes/+page.js,12,js,9a8b6f63,voidism,2024-03-12,19:20:01,-04:00,2024-03-12T19:20:01-04:00,0,24
src/routes/+page.js,13,js,9a8b6f63,voidism,2024-03-12,19:20:01,-04:00,2024-03-12T19:20:01-04:00,0,24
src/routes/+page.js,14,js,9a8b6f63,voidism,2024-03-12,19:20:01,-04:00,2024-03-12T19:20:01-04:00,0,28
src/routes/+page.js,15,js,9a8b6f63,voidism,2024-03-12,19:20:01,-04:00,2024-03-12T19:20:01-04:00,0,26
src/routes/+page.js,16,js,9a8b6f63,voidism,2024-03-12,19:20:01,-04:00,2024-03-12T19:20:01-04:00,0,8
src/routes/+page.js,17,js,9a8b6f63,voidism,2024-03-12,19:20:01,-04:00,2024-03-12T19:20:01-04:00,0,4
src/routes/+layout.svelte,1,svelte,9a8b6f63,voidism,2024-03-12,19:20:01,-04:00,2024-03-12T19:20:01-04:00,0,12
src/routes/+layout.svelte,2,svelte,9a8b6f63,voidism,2024-03-12,19:20:01,-04:00,2024-03-12T19:20:01-04:00,0,0
src/routes/+layout.svelte,3,svelte,9a8b6f63,voidism,2024-03-12,19:20:01,-04:00,2024-03-12T19:20:01-04:00,0,27
src/routes/+layout.svelte,4,svelte,9a8b6f63,voidism,2024-03-12,19:20:01,-04:00,2024-03-12T19:20:01-04:00,0,5
src/routes/+layout.svelte,5,svelte,9a8b6f63,voidism,2024-03-12,19:20:01,-04:00,2024-03-12T19:20:01-04:00,0,32
src/routes/+layout.svelte,6,svelte,9a8b6f63,voidism,2024-03-12,19:20:01,-04:00,2024-03-12T19:20:01-04:00,0,44
src/routes/+layout.svelte,7,svelte,9a8b6f63,voidism,2024-03-12,19:20:01,-04:00,2024-03-12T19:20:01-04:00,0,35
src/routes/+layout.svelte,8,svelte,9a8b6f63,voidism,2024-03-12,19:20:01,-04:00,2024-03-12T19:20:01-04:00,0,33
src/routes/+layout.svelte,9,svelte,9a8b6f63,voidism,2024-03-12,19:20:01,-04:00,2024-03-12T19:20:01-04:00,0,8
src/routes/+layout.svelte,10,svelte,9a8b6f63,voidism,2024-03-12,19:20:01,-04:00,2024-03-12T19:20:01-04:00,0,7
src/routes/+layout.svelte,11,svelte,9a8b6f63,voidism,2024-03-12,19:20:01,-04:00,2024-03-12T19:20:01-04:00,0,0
src/routes/+layout.svelte,12,svelte,9a8b6f63,voidism,2024-03-12,19:20:01,-04:00,2024-03-12T19:20:01-04:00,0,7
src/routes/+layout.svelte,13,js,9a8b6f63,voidism,2024-03-12,19:20:01,-04:00,2024-03-12T19:20:01-04:00,0,48
src/routes/+layout.svelte,14,js,9a8b6f63,voidism,2024-03-12,19:20:01,-04:00,2024-03-12T19:20:01-04:00,0,55
src/routes/+layout.svelte,15,js,9a8b6f63,voidism,2024-03-12,19:20:01,-04:00,2024-03-12T19:20:01-04:00,0,0
src/routes/+layout.svelte,16,js,9a8b6f63,voidism,2024-03-12,19:20:01,-04:00,2024-03-12T19:20:01-04:00,0,48
src/routes/+layout.svelte,17,js,9a8b6f63,voidism,2024-03-12,19:20:01,-04:00,2024-03-12T19:20:01-04:00,0,58
src/routes/+layout.svelte,18,js,9a8b6f63,voidism,2024-03-12,19:20:01,-04:00,2024-03-12T19:20:01-04:00,0,41
src/routes/+layout.svelte,19,js,9a8b6f63,voidism,2024-03-12,19:20:01,-04:00,2024-03-12T19:20:01-04:00,0,0
src/routes/+layout.svelte,20,svelte,9a8b6f63,voidism,2024-03-12,19:20:01,-04:00,2024-03-12T19:20:01-04:00,0,8
src/routes/+layout.svelte,21,svelte,9a8b6f63,voidism,2024-03-12,19:20:01,-04:00,2024-03-12T19:20:01-04:00,0,0
src/routes/+layout.svelte,22,svelte,9a8b6f63,voidism,2024-03-12,19:20:01,-04:00,2024-03-12T19:20:01-04:00,0,7
src/routes/projects/+page.svelte,1,svelte,464ed697,voidism,2024-03-05,16:46:52,-05:00,2024-03-05T16:46:52-05:00,0,7
src/routes/projects/+page.svelte,2,js,464ed697,voidism,2024-03-05,16:46:52,-05:00,2024-03-05T16:46:52-05:00,0,41
src/routes/projects/+page.svelte,3,js,464ed697,voidism,2024-03-05,16:46:52,-05:00,2024-03-05T16:46:52-05:00,0,41
src/routes/projects/+page.svelte,4,js,97bbf998,voidism,2024-03-20,15:16:28,-04:00,2024-03-20T15:16:28-04:00,0,33
src/routes/projects/+page.svelte,5,js,97bbf998,voidism,2024-03-20,15:16:28,-04:00,2024-03-20T15:16:28-04:00,0,24
src/routes/projects/+page.svelte,6,js,97bbf998,voidism,2024-03-20,15:16:28,-04:00,2024-03-20T15:16:28-04:00,0,0
src/routes/projects/+page.svelte,7,js,97bbf998,voidism,2024-03-20,15:16:28,-04:00,2024-03-20T15:16:28-04:00,0,14
src/routes/projects/+page.svelte,8,js,97bbf998,voidism,2024-03-20,15:16:28,-04:00,2024-03-20T15:16:28-04:00,0,0
src/routes/projects/+page.svelte,9,js,97bbf998,voidism,2024-03-20,15:16:28,-04:00,2024-03-20T15:16:28-04:00,0,20
src/routes/projects/+page.svelte,10,js,97bbf998,voidism,2024-03-20,15:16:28,-04:00,2024-03-20T15:16:28-04:00,0,49
src/routes/projects/+page.svelte,11,js,97bbf998,voidism,2024-03-20,15:16:28,-04:00,2024-03-20T15:16:28-04:00,0,23
src/routes/projects/+page.svelte,12,js,97bbf998,voidism,2024-03-20,15:16:28,-04:00,2024-03-20T15:16:28-04:00,1,60
src/routes/projects/+page.svelte,13,js,97bbf998,voidism,2024-03-20,15:16:28,-04:00,2024-03-20T15:16:28-04:00,1,43
src/routes/projects/+page.svelte,14,js,97bbf998,voidism,2024-03-20,15:16:28,-04:00,2024-03-20T15:16:28-04:00,0,2
src/routes/projects/+page.svelte,15,js,97bbf998,voidism,2024-03-20,15:16:28,-04:00,2024-03-20T15:16:28-04:00,0,0
src/routes/projects/+page.svelte,16,js,97bbf998,voidism,2024-03-20,15:16:28,-04:00,2024-03-20T15:16:28-04:00,0,26
src/routes/projects/+page.svelte,17,js,97bbf998,voidism,2024-03-20,15:16:28,-04:00,2024-03-20T15:16:28-04:00,0,16
src/routes/projects/+page.svelte,18,js,97bbf998,voidism,2024-03-20,15:16:28,-04:00,2024-03-20T15:16:28-04:00,0,82
src/routes/projects/+page.svelte,19,js,97bbf998,voidism,2024-03-20,15:16:28,-04:00,2024-03-20T15:16:28-04:00,0,0
src/routes/projects/+page.svelte,20,js,97bbf998,voidism,2024-03-20,15:16:28,-04:00,2024-03-20T15:16:28-04:00,0,18
src/routes/projects/+page.svelte,21,js,97bbf998,voidism,2024-03-20,15:16:28,-04:00,2024-03-20T15:16:28-04:00,0,31
src/routes/projects/+page.svelte,22,js,97bbf998,voidism,2024-03-20,15:16:28,-04:00,2024-03-20T15:16:28-04:00,0,66
src/routes/projects/+page.svelte,23,js,97bbf998,voidism,2024-03-20,15:16:28,-04:00,2024-03-20T15:16:28-04:00,0,18
src/routes/projects/+page.svelte,24,js,97bbf998,voidism,2024-03-20,15:16:28,-04:00,2024-03-20T15:16:28-04:00,0,0
src/routes/projects/+page.svelte,25,js,97bbf998,voidism,2024-03-20,15:16:28,-04:00,2024-03-20T15:16:28-04:00,0,77
src/routes/projects/+page.svelte,26,js,97bbf998,voidism,2024-03-20,15:16:28,-04:00,2024-03-20T15:16:28-04:00,0,47
src/routes/projects/+page.svelte,27,js,97bbf998,voidism,2024-03-20,15:16:28,-04:00,2024-03-20T15:16:28-04:00,0,77
src/routes/projects/+page.svelte,28,js,97bbf998,voidism,2024-03-20,15:16:28,-04:00,2024-03-20T15:16:28-04:00,0,48
src/routes/projects/+page.svelte,29,js,97bbf998,voidism,2024-03-20,15:16:28,-04:00,2024-03-20T15:16:28-04:00,0,0
src/routes/projects/+page.svelte,30,js,97bbf998,voidism,2024-03-20,15:16:28,-04:00,2024-03-20T15:16:28-04:00,0,14
src/routes/projects/+page.svelte,31,js,97bbf998,voidism,2024-03-20,15:16:28,-04:00,2024-03-20T15:16:28-04:00,0,11
src/routes/projects/+page.svelte,32,js,97bbf998,voidism,2024-03-20,15:16:28,-04:00,2024-03-20T15:16:28-04:00,0,0
src/routes/projects/+page.svelte,33,js,97bbf998,voidism,2024-03-20,15:16:28,-04:00,2024-03-20T15:16:28-04:00,0,3
src/routes/projects/+page.svelte,34,js,97bbf998,voidism,2024-03-20,15:16:28,-04:00,2024-03-20T15:16:28-04:00,1,52
src/routes/projects/+page.svelte,35,js,97bbf998,voidism,2024-03-20,15:16:28,-04:00,2024-03-20T15:16:28-04:00,1,12
src/routes/projects/+page.svelte,36,js,97bbf998,voidism,2024-03-20,15:16:28,-04:00,2024-03-20T15:16:28-04:00,0,0
src/routes/projects/+page.svelte,37,js,97bbf998,voidism,2024-03-20,15:16:28,-04:00,2024-03-20T15:16:28-04:00,1,65
src/routes/projects/+page.svelte,38,js,97bbf998,voidism,2024-03-20,15:16:28,-04:00,2024-03-20T15:16:28-04:00,0,69
src/routes/projects/+page.svelte,39,js,97bbf998,voidism,2024-03-20,15:16:28,-04:00,2024-03-20T15:16:28-04:00,0,44
src/routes/projects/+page.svelte,40,js,97bbf998,voidism,2024-03-20,15:16:28,-04:00,2024-03-20T15:16:28-04:00,0,36
src/routes/projects/+page.svelte,41,js,97bbf998,voidism,2024-03-20,15:16:28,-04:00,2024-03-20T15:16:28-04:00,0,2
src/routes/projects/+page.svelte,42,js,97bbf998,voidism,2024-03-20,15:16:28,-04:00,2024-03-20T15:16:28-04:00,0,0
src/routes/projects/+page.svelte,43,js,97bbf998,voidism,2024-03-20,15:16:28,-04:00,2024-03-20T15:16:28-04:00,0,0
src/routes/projects/+page.svelte,44,js,97bbf998,voidism,2024-03-20,15:16:28,-04:00,2024-03-20T15:16:28-04:00,0,0
src/routes/projects/+page.svelte,45,svelte,464ed697,voidism,2024-03-05,16:46:52,-05:00,2024-03-05T16:46:52-05:00,0,8
src/routes/projects/+page.svelte,46,svelte,464ed697,voidism,2024-03-05,16:46:52,-05:00,2024-03-05T16:46:52-05:00,0,0
src/routes/projects/+page.svelte,47,svelte,4e51efd,voidism,2024-03-03,17:35:59,-05:00,2024-03-03T17:35:59-05:00,0,12
src/routes/projects/+page.svelte,48,svelte,4e51efd,voidism,2024-03-03,17:35:59,-05:00,2024-03-03T17:35:59-05:00,1,22
src/routes/projects/+page.svelte,49,svelte,4e51efd,voidism,2024-03-03,17:35:59,-05:00,2024-03-03T17:35:59-05:00,0,13
src/routes/projects/+page.svelte,50,svelte,4e51efd,voidism,2024-03-03,17:35:59,-05:00,2024-03-03T17:35:59-05:00,0,0
src/routes/projects/+page.svelte,51,svelte,464ed697,voidism,2024-03-05,16:46:52,-05:00,2024-03-05T16:46:52-05:00,0,36
src/routes/projects/+page.svelte,52,svelte,4e51efd,voidism,2024-03-03,17:35:59,-05:00,2024-03-03T17:35:59-05:00,0,0
src/routes/projects/+page.svelte,53,svelte,97bbf998,voidism,2024-03-20,15:16:28,-04:00,2024-03-20T15:16:28-04:00,0,38
src/routes/projects/+page.svelte,54,svelte,97bbf998,voidism,2024-03-20,15:16:28,-04:00,2024-03-20T15:16:28-04:00,0,64
src/routes/projects/+page.svelte,55,svelte,97bbf998,voidism,2024-03-20,15:16:28,-04:00,2024-03-20T15:16:28-04:00,0,0
src/routes/projects/+page.svelte,56,svelte,97bbf998,voidism,2024-03-20,15:16:28,-04:00,2024-03-20T15:16:28-04:00,0,60
src/routes/projects/+page.svelte,57,svelte,97bbf998,voidism,2024-03-20,15:16:28,-04:00,2024-03-20T15:16:28-04:00,0,0
src/routes/projects/+page.svelte,58,svelte,4e51efd,voidism,2024-03-03,17:35:59,-05:00,2024-03-03T17:35:59-05:00,0,21
src/routes/projects/+page.svelte,59,svelte,97bbf998,voidism,2024-03-20,15:16:28,-04:00,2024-03-20T15:16:28-04:00,0,32
src/routes/projects/+page.svelte,60,svelte,97bbf998,voidism,2024-03-20,15:16:28,-04:00,2024-03-20T15:16:28-04:00,0,26
src/routes/projects/+page.svelte,61,svelte,464ed697,voidism,2024-03-05,16:46:52,-05:00,2024-03-05T16:46:52-05:00,0,6
src/routes/projects/+page.svelte,62,svelte,97bbf998,voidism,2024-03-20,15:16:28,-04:00,2024-03-20T15:16:28-04:00,0,5
src/routes/home/+page.svelte,1,svelte,464ed697,voidism,2024-03-05,16:46:52,-05:00,2024-03-05T16:46:52-05:00,0,0
src/routes/home/+page.svelte,2,svelte,4e51efd,voidism,2024-03-03,17:35:59,-05:00,2024-03-03T17:35:59-05:00,0,12
src/routes/home/+page.svelte,3,svelte,4e51efd,voidism,2024-03-03,17:35:59,-05:00,2024-03-03T17:35:59-05:00,1,18
src/routes/home/+page.svelte,4,svelte,4e51efd,voidism,2024-03-03,17:35:59,-05:00,2024-03-03T17:35:59-05:00,0,13
src/routes/home/+page.svelte,5,svelte,4e51efd,voidism,2024-03-03,17:35:59,-05:00,2024-03-03T17:35:59-05:00,0,0
src/routes/home/+page.svelte,6,svelte,4e51efd,voidism,2024-03-03,17:35:59,-05:00,2024-03-03T17:35:59-05:00,0,7
src/routes/home/+page.svelte,7,svelte,4e51efd,voidism,2024-03-03,17:35:59,-05:00,2024-03-03T17:35:59-05:00,0,24
src/routes/home/+page.svelte,8,svelte,4e51efd,voidism,2024-03-03,17:35:59,-05:00,2024-03-03T17:35:59-05:00,0,164
src/routes/home/+page.svelte,9,svelte,4e51efd,voidism,2024-03-03,17:35:59,-05:00,2024-03-03T17:35:59-05:00,0,8
src/routes/home/+page.svelte,10,svelte,4e51efd,voidism,2024-03-03,17:35:59,-05:00,2024-03-03T17:35:59-05:00,0,0
src/routes/home/+page.svelte,11,svelte,4e51efd,voidism,2024-03-03,17:35:59,-05:00,2024-03-03T17:35:59-05:00,0,23
src/routes/home/+page.svelte,12,svelte,4e51efd,voidism,2024-03-03,17:35:59,-05:00,2024-03-03T17:35:59-05:00,0,40
src/routes/home/+page.svelte,13,svelte,4e51efd,voidism,2024-03-03,17:35:59,-05:00,2024-03-03T17:35:59-05:00,0,8
src/routes/home/+page.svelte,14,svelte,4e51efd,voidism,2024-03-03,17:35:59,-05:00,2024-03-03T17:35:59-05:00,0,7
src/routes/home/+page.svelte,15,svelte,4e51efd,voidism,2024-03-03,17:35:59,-05:00,2024-03-03T17:35:59-05:00,0,86
src/routes/home/+page.svelte,16,svelte,4e51efd,voidism,2024-03-03,17:35:59,-05:00,2024-03-03T17:35:59-05:00,0,25
src/routes/home/+page.svelte,17,svelte,4e51efd,voidism,2024-03-03,17:35:59,-05:00,2024-03-03T17:35:59-05:00,0,8
src/routes/home/+page.svelte,18,svelte,4e51efd,voidism,2024-03-03,17:35:59,-05:00,2024-03-03T17:35:59-05:00,0,30
src/routes/home/+page.svelte,19,svelte,4e51efd,voidism,2024-03-03,17:35:59,-05:00,2024-03-03T17:35:59-05:00,0,9
src/routes/home/+page.svelte,20,svelte,4e51efd,voidism,2024-03-03,17:35:59,-05:00,2024-03-03T17:35:59-05:00,0,8
src/routes/home/+page.svelte,21,svelte,4e51efd,voidism,2024-03-03,17:35:59,-05:00,2024-03-03T17:35:59-05:00,0,7
src/routes/home/+page.svelte,22,svelte,4e51efd,voidism,2024-03-03,17:35:59,-05:00,2024-03-03T17:35:59-05:00,0,72
src/routes/home/+page.svelte,23,svelte,4e51efd,voidism,2024-03-03,17:35:59,-05:00,2024-03-03T17:35:59-05:00,0,27
src/routes/home/+page.svelte,24,svelte,4e51efd,voidism,2024-03-03,17:35:59,-05:00,2024-03-03T17:35:59-05:00,0,8
src/routes/home/+page.svelte,25,svelte,4e51efd,voidism,2024-03-03,17:35:59,-05:00,2024-03-03T17:35:59-05:00,0,32
src/routes/home/+page.svelte,26,svelte,4e51efd,voidism,2024-03-03,17:35:59,-05:00,2024-03-03T17:35:59-05:00,0,9
src/routes/home/+page.svelte,27,svelte,4e51efd,voidism,2024-03-03,17:35:59,-05:00,2024-03-03T17:35:59-05:00,0,9
src/routes/home/+page.svelte,28,svelte,4e51efd,voidism,2024-03-03,17:35:59,-05:00,2024-03-03T17:35:59-05:00,0,0
src/routes/home/+page.svelte,29,svelte,464ed697,voidism,2024-03-05,16:46:52,-05:00,2024-03-05T16:46:52-05:00,0,23
src/routes/home/+page.svelte,30,svelte,464ed697,voidism,2024-03-05,16:46:52,-05:00,2024-03-05T16:46:52-05:00,0,36
src/routes/home/+page.svelte,31,svelte,464ed697,voidism,2024-03-05,16:46:52,-05:00,2024-03-05T16:46:52-05:00,0,0
src/routes/home/+page.svelte,32,svelte,4e51efd,voidism,2024-03-03,17:35:59,-05:00,2024-03-03T17:35:59-05:00,0,24
src/routes/home/+page.svelte,33,svelte,4e51efd,voidism,2024-03-03,17:35:59,-05:00,2024-03-03T17:35:59-05:00,0,51
src/routes/home/+page.svelte,34,svelte,4e51efd,voidism,2024-03-03,17:35:59,-05:00,2024-03-03T17:35:59-05:00,0,0
src/routes/home/+page.svelte,35,svelte,4e51efd,voidism,2024-03-03,17:35:59,-05:00,2024-03-03T17:35:59-05:00,0,8
src/routes/home/+page.svelte,36,svelte,4e51efd,voidism,2024-03-03,17:35:59,-05:00,2024-03-03T17:35:59-05:00,0,7
src/routes/home/+page.svelte,37,svelte,4e51efd,voidism,2024-03-03,17:35:59,-05:00,2024-03-03T17:35:59-05:00,0,48
src/routes/home/+page.svelte,38,svelte,4e51efd,voidism,2024-03-03,17:35:59,-05:00,2024-03-03T17:35:59-05:00,0,84
src/routes/home/+page.svelte,39,svelte,4e51efd,voidism,2024-03-03,17:35:59,-05:00,2024-03-03T17:35:59-05:00,0,8
src/routes/home/+page.svelte,40,svelte,4e51efd,voidism,2024-03-03,17:35:59,-05:00,2024-03-03T17:35:59-05:00,0,3
src/routes/home/+page.svelte,41,svelte,4e51efd,voidism,2024-03-03,17:35:59,-05:00,2024-03-03T17:35:59-05:00,0,100
src/routes/home/+page.svelte,42,svelte,4e51efd,voidism,2024-03-03,17:35:59,-05:00,2024-03-03T17:35:59-05:00,0,93
src/routes/home/+page.svelte,43,svelte,4e51efd,voidism,2024-03-03,17:35:59,-05:00,2024-03-03T17:35:59-05:00,0,100
src/routes/home/+page.svelte,44,svelte,4e51efd,voidism,2024-03-03,17:35:59,-05:00,2024-03-03T17:35:59-05:00,0,4
src/routes/home/+page.svelte,45,svelte,4e51efd,voidism,2024-03-03,17:35:59,-05:00,2024-03-03T17:35:59-05:00,0,9
src/routes/home/+page.svelte,46,svelte,4e51efd,voidism,2024-03-03,17:35:59,-05:00,2024-03-03T17:35:59-05:00,0,0
src/routes/home/+page.svelte,47,svelte,4e51efd,voidism,2024-03-03,17:35:59,-05:00,2024-03-03T17:35:59-05:00,0,8
src/routes/home/+page.svelte,48,svelte,4e51efd,voidism,2024-03-03,17:35:59,-05:00,2024-03-03T17:35:59-05:00,0,7
src/routes/home/+page.svelte,49,svelte,4e51efd,voidism,2024-03-03,17:35:59,-05:00,2024-03-03T17:35:59-05:00,0,29
src/routes/home/+page.svelte,50,svelte,4e51efd,voidism,2024-03-03,17:35:59,-05:00,2024-03-03T17:35:59-05:00,0,135
src/routes/home/+page.svelte,51,svelte,4e51efd,voidism,2024-03-03,17:35:59,-05:00,2024-03-03T17:35:59-05:00,0,8
src/routes/home/+page.svelte,52,svelte,4e51efd,voidism,2024-03-03,17:35:59,-05:00,2024-03-03T17:35:59-05:00,0,97
src/routes/home/+page.svelte,53,svelte,4e51efd,voidism,2024-03-03,17:35:59,-05:00,2024-03-03T17:35:59-05:00,0,9
src/routes/home/+page.svelte,54,svelte,4e51efd,voidism,2024-03-03,17:35:59,-05:00,2024-03-03T17:35:59-05:00,0,0
src/routes/home/+page.svelte,55,svelte,4e51efd,voidism,2024-03-03,17:35:59,-05:00,2024-03-03T17:35:59-05:00,0,8
src/routes/home/+page.svelte,56,svelte,4e51efd,voidism,2024-03-03,17:35:59,-05:00,2024-03-03T17:35:59-05:00,0,7
src/routes/home/+page.svelte,57,svelte,4e51efd,voidism,2024-03-03,17:35:59,-05:00,2024-03-03T17:35:59-05:00,0,29
src/routes/home/+page.svelte,58,svelte,4e51efd,voidism,2024-03-03,17:35:59,-05:00,2024-03-03T17:35:59-05:00,0,132
src/routes/home/+page.svelte,59,svelte,4e51efd,voidism,2024-03-03,17:35:59,-05:00,2024-03-03T17:35:59-05:00,0,8
src/routes/home/+page.svelte,60,svelte,4e51efd,voidism,2024-03-03,17:35:59,-05:00,2024-03-03T17:35:59-05:00,0,96
src/routes/home/+page.svelte,61,svelte,4e51efd,voidism,2024-03-03,17:35:59,-05:00,2024-03-03T17:35:59-05:00,0,9
src/routes/home/+page.svelte,62,svelte,4e51efd,voidism,2024-03-03,17:35:59,-05:00,2024-03-03T17:35:59-05:00,0,0
src/routes/home/+page.svelte,63,svelte,4e51efd,voidism,2024-03-03,17:35:59,-05:00,2024-03-03T17:35:59-05:00,0,39
src/routes/home/+page.svelte,64,svelte,4e51efd,voidism,2024-03-03,17:35:59,-05:00,2024-03-03T17:35:59-05:00,0,9
src/routes/home/+page.svelte,65,svelte,4e51efd,voidism,2024-03-03,17:35:59,-05:00,2024-03-03T17:35:59-05:00,0,89
src/routes/home/+page.svelte,66,svelte,4e51efd,voidism,2024-03-03,17:35:59,-05:00,2024-03-03T17:35:59-05:00,0,0
src/routes/home/+page.svelte,67,svelte,4e51efd,voidism,2024-03-03,17:35:59,-05:00,2024-03-03T17:35:59-05:00,0,26
src/routes/home/+page.svelte,68,svelte,4e51efd,voidism,2024-03-03,17:35:59,-05:00,2024-03-03T17:35:59-05:00,0,52
src/routes/home/+page.svelte,69,svelte,4e51efd,voidism,2024-03-03,17:35:59,-05:00,2024-03-03T17:35:59-05:00,0,3
src/routes/home/+page.svelte,70,svelte,4e51efd,voidism,2024-03-03,17:35:59,-05:00,2024-03-03T17:35:59-05:00,0,103
src/routes/home/+page.svelte,71,svelte,4e51efd,voidism,2024-03-03,17:35:59,-05:00,2024-03-03T17:35:59-05:00,0,139
src/routes/home/+page.svelte,72,svelte,4e51efd,voidism,2024-03-03,17:35:59,-05:00,2024-03-03T17:35:59-05:00,0,93
src/routes/home/+page.svelte,73,svelte,4e51efd,voidism,2024-03-03,17:35:59,-05:00,2024-03-03T17:35:59-05:00,0,31
src/routes/home/+page.svelte,74,svelte,4e51efd,voidism,2024-03-03,17:35:59,-05:00,2024-03-03T17:35:59-05:00,0,4
src/routes/home/+page.svelte,75,svelte,4e51efd,voidism,2024-03-03,17:35:59,-05:00,2024-03-03T17:35:59-05:00,0,9
src/routes/home/+page.svelte,76,svelte,4e51efd,voidism,2024-03-03,17:35:59,-05:00,2024-03-03T17:35:59-05:00,0,0
src/routes/home/+page.svelte,77,svelte,4e51efd,voidism,2024-03-03,17:35:59,-05:00,2024-03-03T17:35:59-05:00,0,23
src/routes/home/+page.svelte,78,svelte,4e51efd,voidism,2024-03-03,17:35:59,-05:00,2024-03-03T17:35:59-05:00,0,40
src/routes/home/+page.svelte,79,svelte,4e51efd,voidism,2024-03-03,17:35:59,-05:00,2024-03-03T17:35:59-05:00,0,3
src/routes/home/+page.svelte,80,svelte,4e51efd,voidism,2024-03-03,17:35:59,-05:00,2024-03-03T17:35:59-05:00,0,93
src/routes/home/+page.svelte,81,svelte,4e51efd,voidism,2024-03-03,17:35:59,-05:00,2024-03-03T17:35:59-05:00,0,74
src/routes/home/+page.svelte,82,svelte,4e51efd,voidism,2024-03-03,17:35:59,-05:00,2024-03-03T17:35:59-05:00,0,28
src/routes/home/+page.svelte,83,svelte,4e51efd,voidism,2024-03-03,17:35:59,-05:00,2024-03-03T17:35:59-05:00,0,4
src/routes/home/+page.svelte,84,svelte,4e51efd,voidism,2024-03-03,17:35:59,-05:00,2024-03-03T17:35:59-05:00,0,9
src/routes/home/+page.svelte,85,svelte,4e51efd,voidism,2024-03-03,17:35:59,-05:00,2024-03-03T17:35:59-05:00,0,0
src/routes/home/+page.svelte,86,svelte,4e51efd,voidism,2024-03-03,17:35:59,-05:00,2024-03-03T17:35:59-05:00,0,20
src/routes/home/+page.svelte,87,svelte,4e51efd,voidism,2024-03-03,17:35:59,-05:00,2024-03-03T17:35:59-05:00,0,46
src/routes/home/+page.svelte,88,svelte,4e51efd,voidism,2024-03-03,17:35:59,-05:00,2024-03-03T17:35:59-05:00,0,3
src/routes/home/+page.svelte,89,svelte,4e51efd,voidism,2024-03-03,17:35:59,-05:00,2024-03-03T17:35:59-05:00,0,72
src/routes/home/+page.svelte,90,svelte,4e51efd,voidism,2024-03-03,17:35:59,-05:00,2024-03-03T17:35:59-05:00,0,75
src/routes/home/+page.svelte,91,svelte,4e51efd,voidism,2024-03-03,17:35:59,-05:00,2024-03-03T17:35:59-05:00,0,66
src/routes/home/+page.svelte,92,svelte,4e51efd,voidism,2024-03-03,17:35:59,-05:00,2024-03-03T17:35:59-05:00,0,53
src/routes/home/+page.svelte,93,svelte,4e51efd,voidism,2024-03-03,17:35:59,-05:00,2024-03-03T17:35:59-05:00,0,4
src/routes/home/+page.svelte,94,svelte,4e51efd,voidism,2024-03-03,17:35:59,-05:00,2024-03-03T17:35:59-05:00,0,9
src/routes/home/+page.svelte,95,svelte,4e51efd,voidism,2024-03-03,17:35:59,-05:00,2024-03-03T17:35:59-05:00,0,0
src/routes/home/+page.svelte,96,svelte,4e51efd,voidism,2024-03-03,17:35:59,-05:00,2024-03-03T17:35:59-05:00,0,0
src/routes/home/+page.svelte,97,svelte,4e51efd,voidism,2024-03-03,17:35:59,-05:00,2024-03-03T17:35:59-05:00,0,0
src/routes/home/+page.svelte,98,svelte,4e51efd,voidism,2024-03-03,17:35:59,-05:00,2024-03-03T17:35:59-05:00,0,20
src/routes/home/+page.svelte,99,svelte,4e51efd,voidism,2024-03-03,17:35:59,-05:00,2024-03-03T17:35:59-05:00,0,37
src/routes/home/+page.svelte,100,svelte,4e51efd,voidism,2024-03-03,17:35:59,-05:00,2024-03-03T17:35:59-05:00,0,60
src/routes/home/+page.svelte,101,svelte,4e51efd,voidism,2024-03-03,17:35:59,-05:00,2024-03-03T17:35:59-05:00,0,64
src/routes/home/+page.svelte,102,svelte,4e51efd,voidism,2024-03-03,17:35:59,-05:00,2024-03-03T17:35:59-05:00,0,9
src/routes/cv/+page.svelte,1,svelte,4e51efd,voidism,2024-03-03,17:35:59,-05:00,2024-03-03T17:35:59-05:00,0,12
src/routes/cv/+page.svelte,2,svelte,4e51efd,voidism,2024-03-03,17:35:59,-05:00,2024-03-03T17:35:59-05:00,1,16
src/routes/cv/+page.svelte,3,svelte,4e51efd,voidism,2024-03-03,17:35:59,-05:00,2024-03-03T17:35:59-05:00,0,13
src/routes/cv/+page.svelte,4,svelte,4e51efd,voidism,2024-03-03,17:35:59,-05:00,2024-03-03T17:35:59-05:00,0,0
src/routes/cv/+page.svelte,5,svelte,4e51efd,voidism,2024-03-03,17:35:59,-05:00,2024-03-03T17:35:59-05:00,0,7
src/routes/cv/+page.svelte,6,svelte,4e51efd,voidism,2024-03-03,17:35:59,-05:00,2024-03-03T17:35:59-05:00,0,24
src/routes/cv/+page.svelte,7,svelte,4e51efd,voidism,2024-03-03,17:35:59,-05:00,2024-03-03T17:35:59-05:00,0,164
src/routes/cv/+page.svelte,8,svelte,4e51efd,voidism,2024-03-03,17:35:59,-05:00,2024-03-03T17:35:59-05:00,0,8
src/routes/cv/+page.svelte,9,svelte,4e51efd,voidism,2024-03-03,17:35:59,-05:00,2024-03-03T17:35:59-05:00,0,0
src/routes/cv/+page.svelte,10,svelte,4e51efd,voidism,2024-03-03,17:35:59,-05:00,2024-03-03T17:35:59-05:00,0,23
src/routes/cv/+page.svelte,11,svelte,4e51efd,voidism,2024-03-03,17:35:59,-05:00,2024-03-03T17:35:59-05:00,0,40
src/routes/cv/+page.svelte,12,svelte,4e51efd,voidism,2024-03-03,17:35:59,-05:00,2024-03-03T17:35:59-05:00,0,8
src/routes/cv/+page.svelte,13,svelte,4e51efd,voidism,2024-03-03,17:35:59,-05:00,2024-03-03T17:35:59-05:00,0,7
src/routes/cv/+page.svelte,14,svelte,4e51efd,voidism,2024-03-03,17:35:59,-05:00,2024-03-03T17:35:59-05:00,0,86
src/routes/cv/+page.svelte,15,svelte,4e51efd,voidism,2024-03-03,17:35:59,-05:00,2024-03-03T17:35:59-05:00,0,25
src/routes/cv/+page.svelte,16,svelte,4e51efd,voidism,2024-03-03,17:35:59,-05:00,2024-03-03T17:35:59-05:00,0,8
src/routes/cv/+page.svelte,17,svelte,4e51efd,voidism,2024-03-03,17:35:59,-05:00,2024-03-03T17:35:59-05:00,0,30
src/routes/cv/+page.svelte,18,svelte,4e51efd,voidism,2024-03-03,17:35:59,-05:00,2024-03-03T17:35:59-05:00,0,9
src/routes/cv/+page.svelte,19,svelte,4e51efd,voidism,2024-03-03,17:35:59,-05:00,2024-03-03T17:35:59-05:00,0,8
src/routes/cv/+page.svelte,20,svelte,4e51efd,voidism,2024-03-03,17:35:59,-05:00,2024-03-03T17:35:59-05:00,0,7
src/routes/cv/+page.svelte,21,svelte,4e51efd,voidism,2024-03-03,17:35:59,-05:00,2024-03-03T17:35:59-05:00,0,72
src/routes/cv/+page.svelte,22,svelte,4e51efd,voidism,2024-03-03,17:35:59,-05:00,2024-03-03T17:35:59-05:00,0,27
src/routes/cv/+page.svelte,23,svelte,4e51efd,voidism,2024-03-03,17:35:59,-05:00,2024-03-03T17:35:59-05:00,0,8
src/routes/cv/+page.svelte,24,svelte,4e51efd,voidism,2024-03-03,17:35:59,-05:00,2024-03-03T17:35:59-05:00,0,32
src/routes/cv/+page.svelte,25,svelte,4e51efd,voidism,2024-03-03,17:35:59,-05:00,2024-03-03T17:35:59-05:00,0,9
src/routes/cv/+page.svelte,26,svelte,4e51efd,voidism,2024-03-03,17:35:59,-05:00,2024-03-03T17:35:59-05:00,0,9
src/routes/cv/+page.svelte,27,svelte,4e51efd,voidism,2024-03-03,17:35:59,-05:00,2024-03-03T17:35:59-05:00,0,0
src/routes/cv/+page.svelte,28,svelte,4e51efd,voidism,2024-03-03,17:35:59,-05:00,2024-03-03T17:35:59-05:00,0,24
src/routes/cv/+page.svelte,29,svelte,4e51efd,voidism,2024-03-03,17:35:59,-05:00,2024-03-03T17:35:59-05:00,0,51
src/routes/cv/+page.svelte,30,svelte,4e51efd,voidism,2024-03-03,17:35:59,-05:00,2024-03-03T17:35:59-05:00,0,0
src/routes/cv/+page.svelte,31,svelte,4e51efd,voidism,2024-03-03,17:35:59,-05:00,2024-03-03T17:35:59-05:00,0,8
src/routes/cv/+page.svelte,32,svelte,4e51efd,voidism,2024-03-03,17:35:59,-05:00,2024-03-03T17:35:59-05:00,0,7
src/routes/cv/+page.svelte,33,svelte,4e51efd,voidism,2024-03-03,17:35:59,-05:00,2024-03-03T17:35:59-05:00,0,48
src/routes/cv/+page.svelte,34,svelte,4e51efd,voidism,2024-03-03,17:35:59,-05:00,2024-03-03T17:35:59-05:00,0,84
src/routes/cv/+page.svelte,35,svelte,4e51efd,voidism,2024-03-03,17:35:59,-05:00,2024-03-03T17:35:59-05:00,0,8
src/routes/cv/+page.svelte,36,svelte,4e51efd,voidism,2024-03-03,17:35:59,-05:00,2024-03-03T17:35:59-05:00,0,3
src/routes/cv/+page.svelte,37,svelte,4e51efd,voidism,2024-03-03,17:35:59,-05:00,2024-03-03T17:35:59-05:00,0,100
src/routes/cv/+page.svelte,38,svelte,4e51efd,voidism,2024-03-03,17:35:59,-05:00,2024-03-03T17:35:59-05:00,0,93
src/routes/cv/+page.svelte,39,svelte,4e51efd,voidism,2024-03-03,17:35:59,-05:00,2024-03-03T17:35:59-05:00,0,100
src/routes/cv/+page.svelte,40,svelte,4e51efd,voidism,2024-03-03,17:35:59,-05:00,2024-03-03T17:35:59-05:00,0,4
src/routes/cv/+page.svelte,41,svelte,4e51efd,voidism,2024-03-03,17:35:59,-05:00,2024-03-03T17:35:59-05:00,0,9
src/routes/cv/+page.svelte,42,svelte,4e51efd,voidism,2024-03-03,17:35:59,-05:00,2024-03-03T17:35:59-05:00,0,0
src/routes/cv/+page.svelte,43,svelte,4e51efd,voidism,2024-03-03,17:35:59,-05:00,2024-03-03T17:35:59-05:00,0,8
src/routes/cv/+page.svelte,44,svelte,4e51efd,voidism,2024-03-03,17:35:59,-05:00,2024-03-03T17:35:59-05:00,0,7
src/routes/cv/+page.svelte,45,svelte,4e51efd,voidism,2024-03-03,17:35:59,-05:00,2024-03-03T17:35:59-05:00,0,29
src/routes/cv/+page.svelte,46,svelte,4e51efd,voidism,2024-03-03,17:35:59,-05:00,2024-03-03T17:35:59-05:00,0,135
src/routes/cv/+page.svelte,47,svelte,4e51efd,voidism,2024-03-03,17:35:59,-05:00,2024-03-03T17:35:59-05:00,0,8
src/routes/cv/+page.svelte,48,svelte,4e51efd,voidism,2024-03-03,17:35:59,-05:00,2024-03-03T17:35:59-05:00,0,97
src/routes/cv/+page.svelte,49,svelte,4e51efd,voidism,2024-03-03,17:35:59,-05:00,2024-03-03T17:35:59-05:00,0,9
src/routes/cv/+page.svelte,50,svelte,4e51efd,voidism,2024-03-03,17:35:59,-05:00,2024-03-03T17:35:59-05:00,0,0
src/routes/cv/+page.svelte,51,svelte,4e51efd,voidism,2024-03-03,17:35:59,-05:00,2024-03-03T17:35:59-05:00,0,8
src/routes/cv/+page.svelte,52,svelte,4e51efd,voidism,2024-03-03,17:35:59,-05:00,2024-03-03T17:35:59-05:00,0,7
src/routes/cv/+page.svelte,53,svelte,4e51efd,voidism,2024-03-03,17:35:59,-05:00,2024-03-03T17:35:59-05:00,0,29
src/routes/cv/+page.svelte,54,svelte,4e51efd,voidism,2024-03-03,17:35:59,-05:00,2024-03-03T17:35:59-05:00,0,132
src/routes/cv/+page.svelte,55,svelte,4e51efd,voidism,2024-03-03,17:35:59,-05:00,2024-03-03T17:35:59-05:00,0,8
src/routes/cv/+page.svelte,56,svelte,4e51efd,voidism,2024-03-03,17:35:59,-05:00,2024-03-03T17:35:59-05:00,0,96
src/routes/cv/+page.svelte,57,svelte,4e51efd,voidism,2024-03-03,17:35:59,-05:00,2024-03-03T17:35:59-05:00,0,9
src/routes/cv/+page.svelte,58,svelte,4e51efd,voidism,2024-03-03,17:35:59,-05:00,2024-03-03T17:35:59-05:00,0,0
src/routes/cv/+page.svelte,59,svelte,4e51efd,voidism,2024-03-03,17:35:59,-05:00,2024-03-03T17:35:59-05:00,0,39
src/routes/cv/+page.svelte,60,svelte,4e51efd,voidism,2024-03-03,17:35:59,-05:00,2024-03-03T17:35:59-05:00,0,9
src/routes/cv/+page.svelte,61,svelte,4e51efd,voidism,2024-03-03,17:35:59,-05:00,2024-03-03T17:35:59-05:00,0,89
src/routes/cv/+page.svelte,62,svelte,4e51efd,voidism,2024-03-03,17:35:59,-05:00,2024-03-03T17:35:59-05:00,0,0
src/routes/cv/+page.svelte,63,svelte,4e51efd,voidism,2024-03-03,17:35:59,-05:00,2024-03-03T17:35:59-05:00,0,26
src/routes/cv/+page.svelte,64,svelte,4e51efd,voidism,2024-03-03,17:35:59,-05:00,2024-03-03T17:35:59-05:00,0,52
src/routes/cv/+page.svelte,65,svelte,4e51efd,voidism,2024-03-03,17:35:59,-05:00,2024-03-03T17:35:59-05:00,0,3
src/routes/cv/+page.svelte,66,svelte,4e51efd,voidism,2024-03-03,17:35:59,-05:00,2024-03-03T17:35:59-05:00,0,103
src/routes/cv/+page.svelte,67,svelte,4e51efd,voidism,2024-03-03,17:35:59,-05:00,2024-03-03T17:35:59-05:00,0,139
src/routes/cv/+page.svelte,68,svelte,4e51efd,voidism,2024-03-03,17:35:59,-05:00,2024-03-03T17:35:59-05:00,0,93
src/routes/cv/+page.svelte,69,svelte,4e51efd,voidism,2024-03-03,17:35:59,-05:00,2024-03-03T17:35:59-05:00,0,31
src/routes/cv/+page.svelte,70,svelte,4e51efd,voidism,2024-03-03,17:35:59,-05:00,2024-03-03T17:35:59-05:00,0,4
src/routes/cv/+page.svelte,71,svelte,4e51efd,voidism,2024-03-03,17:35:59,-05:00,2024-03-03T17:35:59-05:00,0,9
src/routes/cv/+page.svelte,72,svelte,4e51efd,voidism,2024-03-03,17:35:59,-05:00,2024-03-03T17:35:59-05:00,0,0
src/routes/cv/+page.svelte,73,svelte,4e51efd,voidism,2024-03-03,17:35:59,-05:00,2024-03-03T17:35:59-05:00,0,23
src/routes/cv/+page.svelte,74,svelte,4e51efd,voidism,2024-03-03,17:35:59,-05:00,2024-03-03T17:35:59-05:00,0,40
src/routes/cv/+page.svelte,75,svelte,4e51efd,voidism,2024-03-03,17:35:59,-05:00,2024-03-03T17:35:59-05:00,0,3
src/routes/cv/+page.svelte,76,svelte,4e51efd,voidism,2024-03-03,17:35:59,-05:00,2024-03-03T17:35:59-05:00,0,93
src/routes/cv/+page.svelte,77,svelte,4e51efd,voidism,2024-03-03,17:35:59,-05:00,2024-03-03T17:35:59-05:00,0,74
src/routes/cv/+page.svelte,78,svelte,4e51efd,voidism,2024-03-03,17:35:59,-05:00,2024-03-03T17:35:59-05:00,0,28
src/routes/cv/+page.svelte,79,svelte,4e51efd,voidism,2024-03-03,17:35:59,-05:00,2024-03-03T17:35:59-05:00,0,4
src/routes/cv/+page.svelte,80,svelte,4e51efd,voidism,2024-03-03,17:35:59,-05:00,2024-03-03T17:35:59-05:00,0,9
src/routes/cv/+page.svelte,81,svelte,4e51efd,voidism,2024-03-03,17:35:59,-05:00,2024-03-03T17:35:59-05:00,0,0
src/routes/cv/+page.svelte,82,svelte,4e51efd,voidism,2024-03-03,17:35:59,-05:00,2024-03-03T17:35:59-05:00,0,20
src/routes/cv/+page.svelte,83,svelte,4e51efd,voidism,2024-03-03,17:35:59,-05:00,2024-03-03T17:35:59-05:00,0,46
src/routes/cv/+page.svelte,84,svelte,4e51efd,voidism,2024-03-03,17:35:59,-05:00,2024-03-03T17:35:59-05:00,0,3
src/routes/cv/+page.svelte,85,svelte,4e51efd,voidism,2024-03-03,17:35:59,-05:00,2024-03-03T17:35:59-05:00,0,72
src/routes/cv/+page.svelte,86,svelte,4e51efd,voidism,2024-03-03,17:35:59,-05:00,2024-03-03T17:35:59-05:00,0,75
src/routes/cv/+page.svelte,87,svelte,4e51efd,voidism,2024-03-03,17:35:59,-05:00,2024-03-03T17:35:59-05:00,0,66
src/routes/cv/+page.svelte,88,svelte,4e51efd,voidism,2024-03-03,17:35:59,-05:00,2024-03-03T17:35:59-05:00,0,53
src/routes/cv/+page.svelte,89,svelte,4e51efd,voidism,2024-03-03,17:35:59,-05:00,2024-03-03T17:35:59-05:00,0,4
src/routes/cv/+page.svelte,90,svelte,4e51efd,voidism,2024-03-03,17:35:59,-05:00,2024-03-03T17:35:59-05:00,0,9
src/routes/cv/+page.svelte,91,svelte,4e51efd,voidism,2024-03-03,17:35:59,-05:00,2024-03-03T17:35:59-05:00,0,0
src/routes/cv/+page.svelte,92,svelte,4e51efd,voidism,2024-03-03,17:35:59,-05:00,2024-03-03T17:35:59-05:00,0,0
src/routes/cv/+page.svelte,93,svelte,4e51efd,voidism,2024-03-03,17:35:59,-05:00,2024-03-03T17:35:59-05:00,0,0
src/routes/cv/+page.svelte,94,svelte,4e51efd,voidism,2024-03-03,17:35:59,-05:00,2024-03-03T17:35:59-05:00,0,20
src/routes/cv/+page.svelte,95,svelte,4e51efd,voidism,2024-03-03,17:35:59,-05:00,2024-03-03T17:35:59-05:00,0,37
src/routes/cv/+page.svelte,96,svelte,4e51efd,voidism,2024-03-03,17:35:59,-05:00,2024-03-03T17:35:59-05:00,0,60
src/routes/cv/+page.svelte,97,svelte,4e51efd,voidism,2024-03-03,17:35:59,-05:00,2024-03-03T17:35:59-05:00,0,64
src/routes/cv/+page.svelte,98,svelte,4e51efd,voidism,2024-03-03,17:35:59,-05:00,2024-03-03T17:35:59-05:00,0,9
src/routes/contact/+page.svelte,1,svelte,4e51efd,voidism,2024-03-03,17:35:59,-05:00,2024-03-03T17:35:59-05:00,0,12
src/routes/contact/+page.svelte,2,svelte,4e51efd,voidism,2024-03-03,17:35:59,-05:00,2024-03-03T17:35:59-05:00,1,24
src/routes/contact/+page.svelte,3,svelte,4e51efd,voidism,2024-03-03,17:35:59,-05:00,2024-03-03T17:35:59-05:00,0,13
src/routes/contact/+page.svelte,4,svelte,4e51efd,voidism,2024-03-03,17:35:59,-05:00,2024-03-03T17:35:59-05:00,0,0
src/routes/contact/+page.svelte,5,svelte,4e51efd,voidism,2024-03-03,17:35:59,-05:00,2024-03-03T17:35:59-05:00,0,73
src/routes/contact/+page.svelte,6,svelte,4e51efd,voidism,2024-03-03,17:35:59,-05:00,2024-03-03T17:35:59-05:00,0,53
src/routes/contact/+page.svelte,7,svelte,4e51efd,voidism,2024-03-03,17:35:59,-05:00,2024-03-03T17:35:59-05:00,0,56
src/routes/contact/+page.svelte,8,svelte,4e51efd,voidism,2024-03-03,17:35:59,-05:00,2024-03-03T17:35:59-05:00,0,56
src/routes/contact/+page.svelte,9,svelte,4e51efd,voidism,2024-03-03,17:35:59,-05:00,2024-03-03T17:35:59-05:00,0,20
src/routes/contact/+page.svelte,10,svelte,4e51efd,voidism,2024-03-03,17:35:59,-05:00,2024-03-03T17:35:59-05:00,0,6
src/lib/index.js,1,js,4e51efd,voidism,2024-03-03,17:35:59,-05:00,2024-03-03T17:35:59-05:00,0,73
src/lib/Project.svelte,1,svelte,464ed697,voidism,2024-03-05,16:46:52,-05:00,2024-03-05T16:46:52-05:00,0,0
src/lib/Project.svelte,2,svelte,464ed697,voidism,2024-03-05,16:46:52,-05:00,2024-03-05T16:46:52-05:00,0,7
src/lib/Project.svelte,3,js,464ed697,voidism,2024-03-05,16:46:52,-05:00,2024-03-05T16:46:52-05:00,0,20
src/lib/Project.svelte,4,js,464ed697,voidism,2024-03-05,16:46:52,-05:00,2024-03-05T16:46:52-05:00,0,21
src/lib/Project.svelte,5,svelte,464ed697,voidism,2024-03-05,16:46:52,-05:00,2024-03-05T16:46:52-05:00,0,8
src/lib/Project.svelte,6,svelte,464ed697,voidism,2024-03-05,16:46:52,-05:00,2024-03-05T16:46:52-05:00,0,0
src/lib/Project.svelte,7,svelte,464ed697,voidism,2024-03-05,16:46:52,-05:00,2024-03-05T16:46:52-05:00,0,6
src/lib/Project.svelte,8,css,464ed697,voidism,2024-03-05,16:46:52,-05:00,2024-03-05T16:46:52-05:00,0,4
src/lib/Project.svelte,9,css,464ed697,voidism,2024-03-05,16:46:52,-05:00,2024-03-05T16:46:52-05:00,0,64
src/lib/Project.svelte,10,css,464ed697,voidism,2024-03-05,16:46:52,-05:00,2024-03-05T16:46:52-05:00,0,40
src/lib/Project.svelte,11,css,464ed697,voidism,2024-03-05,16:46:52,-05:00,2024-03-05T16:46:52-05:00,0,0
src/lib/Project.svelte,12,css,464ed697,voidism,2024-03-05,16:46:52,-05:00,2024-03-05T16:46:52-05:00,0,10
src/lib/Project.svelte,13,css,464ed697,voidism,2024-03-05,16:46:52,-05:00,2024-03-05T16:46:52-05:00,0,38
src/lib/Project.svelte,14,css,464ed697,voidism,2024-03-05,16:46:52,-05:00,2024-03-05T16:46:52-05:00,0,82
src/lib/Project.svelte,15,css,464ed697,voidism,2024-03-05,16:46:52,-05:00,2024-03-05T16:46:52-05:00,0,55
src/lib/Project.svelte,16,css,464ed697,voidism,2024-03-05,16:46:52,-05:00,2024-03-05T16:46:52-05:00,0,0
src/lib/Project.svelte,17,css,464ed697,voidism,2024-03-05,16:46:52,-05:00,2024-03-05T16:46:52-05:00,0,0
src/lib/Project.svelte,18,css,464ed697,voidism,2024-03-05,16:46:52,-05:00,2024-03-05T16:46:52-05:00,0,9
src/lib/Project.svelte,19,css,464ed697,voidism,2024-03-05,16:46:52,-05:00,2024-03-05T16:46:52-05:00,0,19
src/lib/Project.svelte,20,css,464ed697,voidism,2024-03-05,16:46:52,-05:00,2024-03-05T16:46:52-05:00,0,0
src/lib/Project.svelte,21,css,464ed697,voidism,2024-03-05,16:46:52,-05:00,2024-03-05T16:46:52-05:00,0,16
src/lib/Project.svelte,22,css,464ed697,voidism,2024-03-05,16:46:52,-05:00,2024-03-05T16:46:52-05:00,0,15
src/lib/Project.svelte,23,css,464ed697,voidism,2024-03-05,16:46:52,-05:00,2024-03-05T16:46:52-05:00,0,17
src/lib/Project.svelte,24,css,464ed697,voidism,2024-03-05,16:46:52,-05:00,2024-03-05T16:46:52-05:00,0,0
src/lib/Project.svelte,25,css,464ed697,voidism,2024-03-05,16:46:52,-05:00,2024-03-05T16:46:52-05:00,0,41
src/lib/Project.svelte,26,css,464ed697,voidism,2024-03-05,16:46:52,-05:00,2024-03-05T16:46:52-05:00,0,54
src/lib/Project.svelte,27,css,464ed697,voidism,2024-03-05,16:46:52,-05:00,2024-03-05T16:46:52-05:00,0,0
src/lib/Project.svelte,28,css,464ed697,voidism,2024-03-05,16:46:52,-05:00,2024-03-05T16:46:52-05:00,0,0
src/lib/Project.svelte,29,css,464ed697,voidism,2024-03-05,16:46:52,-05:00,2024-03-05T16:46:52-05:00,0,5
src/lib/Project.svelte,30,css,464ed697,voidism,2024-03-05,16:46:52,-05:00,2024-03-05T16:46:52-05:00,0,62
src/lib/Project.svelte,31,css,464ed697,voidism,2024-03-05,16:46:52,-05:00,2024-03-05T16:46:52-05:00,0,0
src/lib/Project.svelte,32,css,464ed697,voidism,2024-03-05,16:46:52,-05:00,2024-03-05T16:46:52-05:00,0,0
src/lib/Project.svelte,33,css,464ed697,voidism,2024-03-05,16:46:52,-05:00,2024-03-05T16:46:52-05:00,0,3
src/lib/Project.svelte,34,css,464ed697,voidism,2024-03-05,16:46:52,-05:00,2024-03-05T16:46:52-05:00,0,57
src/lib/Project.svelte,35,css,464ed697,voidism,2024-03-05,16:46:52,-05:00,2024-03-05T16:46:52-05:00,0,0
src/lib/Project.svelte,36,css,464ed697,voidism,2024-03-05,16:46:52,-05:00,2024-03-05T16:46:52-05:00,0,0
src/lib/Project.svelte,37,css,464ed697,voidism,2024-03-05,16:46:52,-05:00,2024-03-05T16:46:52-05:00,0,23
src/lib/Project.svelte,38,css,464ed697,voidism,2024-03-05,16:46:52,-05:00,2024-03-05T16:46:52-05:00,0,51
src/lib/Project.svelte,39,css,464ed697,voidism,2024-03-05,16:46:52,-05:00,2024-03-05T16:46:52-05:00,0,49
src/lib/Project.svelte,40,css,464ed697,voidism,2024-03-05,16:46:52,-05:00,2024-03-05T16:46:52-05:00,0,0
src/lib/Project.svelte,41,svelte,464ed697,voidism,2024-03-05,16:46:52,-05:00,2024-03-05T16:46:52-05:00,0,7
src/lib/Project.svelte,42,svelte,464ed697,voidism,2024-03-05,16:46:52,-05:00,2024-03-05T16:46:52-05:00,0,0
src/lib/Project.svelte,43,svelte,464ed697,voidism,2024-03-05,16:46:52,-05:00,2024-03-05T16:46:52-05:00,0,8
src/lib/Project.svelte,44,svelte,97bbf998,voidism,2024-03-20,15:16:28,-04:00,2024-03-20T15:16:28-04:00,0,66
src/lib/Project.svelte,45,svelte,97bbf998,voidism,2024-03-20,15:16:28,-04:00,2024-03-20T15:16:28-04:00,0,30
src/lib/Project.svelte,46,svelte,97bbf998,voidism,2024-03-20,15:16:28,-04:00,2024-03-20T15:16:28-04:00,0,24
src/lib/Project.svelte,47,svelte,97bbf998,voidism,2024-03-20,15:16:28,-04:00,2024-03-20T15:16:28-04:00,0,19
src/lib/Project.svelte,48,svelte,464ed697,voidism,2024-03-05,16:46:52,-05:00,2024-03-05T16:46:52-05:00,0,9
src/lib/Project.svelte,49,svelte,464ed697,voidism,2024-03-05,16:46:52,-05:00,2024-03-05T16:46:52-05:00,0,0
src/lib/Pie.svelte,1,svelte,97bbf998,voidism,2024-03-20,15:16:28,-04:00,2024-03-20T15:16:28-04:00,0,6
src/lib/Pie.svelte,2,css,97bbf998,voidism,2024-03-20,15:16:28,-04:00,2024-03-20T15:16:28-04:00,0,4
src/lib/Pie.svelte,3,css,97bbf998,voidism,2024-03-20,15:16:28,-04:00,2024-03-20T15:16:28-04:00,1,15
src/lib/Pie.svelte,4,css,97bbf998,voidism,2024-03-20,15:16:28,-04:00,2024-03-20T15:16:28-04:00,1,17
src/lib/Pie.svelte,5,css,97bbf998,voidism,2024-03-20,15:16:28,-04:00,2024-03-20T15:16:28-04:00,0,0
src/lib/Pie.svelte,6,css,97bbf998,voidism,2024-03-20,15:16:28,-04:00,2024-03-20T15:16:28-04:00,1,43
src/lib/Pie.svelte,7,css,97bbf998,voidism,2024-03-20,15:16:28,-04:00,2024-03-20T15:16:28-04:00,1,17
src/lib/Pie.svelte,8,css,97bbf998,voidism,2024-03-20,15:16:28,-04:00,2024-03-20T15:16:28-04:00,0,0
src/lib/Pie.svelte,9,css,97bbf998,voidism,2024-03-20,15:16:28,-04:00,2024-03-20T15:16:28-04:00,0,0
src/lib/Pie.svelte,10,css,97bbf998,voidism,2024-03-20,15:16:28,-04:00,2024-03-20T15:16:28-04:00,0,20
src/lib/Pie.svelte,11,css,97bbf998,voidism,2024-03-20,15:16:28,-04:00,2024-03-20T15:16:28-04:00,1,17
src/lib/Pie.svelte,12,css,97bbf998,voidism,2024-03-20,15:16:28,-04:00,2024-03-20T15:16:28-04:00,2,12
src/lib/Pie.svelte,13,css,97bbf998,voidism,2024-03-20,15:16:28,-04:00,2024-03-20T15:16:28-04:00,1,0
src/lib/Pie.svelte,14,css,97bbf998,voidism,2024-03-20,15:16:28,-04:00,2024-03-20T15:16:28-04:00,0,0
src/lib/Pie.svelte,15,css,97bbf998,voidism,2024-03-20,15:16:28,-04:00,2024-03-20T15:16:28-04:00,0,0
src/lib/Pie.svelte,16,css,97bbf998,voidism,2024-03-20,15:16:28,-04:00,2024-03-20T15:16:28-04:00,0,10
src/lib/Pie.svelte,17,css,97bbf998,voidism,2024-03-20,15:16:28,-04:00,2024-03-20T15:16:28-04:00,1,36
src/lib/Pie.svelte,18,css,97bbf998,voidism,2024-03-20,15:16:28,-04:00,2024-03-20T15:16:28-04:00,0,0
src/lib/Pie.svelte,19,css,97bbf998,voidism,2024-03-20,15:16:28,-04:00,2024-03-20T15:16:28-04:00,1,11
src/lib/Pie.svelte,20,css,97bbf998,voidism,2024-03-20,15:16:28,-04:00,2024-03-20T15:16:28-04:00,2,18
src/lib/Pie.svelte,21,css,97bbf998,voidism,2024-03-20,15:16:28,-04:00,2024-03-20T15:16:28-04:00,1,0
src/lib/Pie.svelte,22,css,97bbf998,voidism,2024-03-20,15:16:28,-04:00,2024-03-20T15:16:28-04:00,0,0
src/lib/Pie.svelte,23,css,97bbf998,voidism,2024-03-20,15:16:28,-04:00,2024-03-20T15:16:28-04:00,0,0
src/lib/Pie.svelte,24,css,97bbf998,voidism,2024-03-20,15:16:28,-04:00,2024-03-20T15:16:28-04:00,0,5
src/lib/Pie.svelte,25,css,97bbf998,voidism,2024-03-20,15:16:28,-04:00,2024-03-20T15:16:28-04:00,1,17
src/lib/Pie.svelte,26,css,97bbf998,voidism,2024-03-20,15:16:28,-04:00,2024-03-20T15:16:28-04:00,0,15
src/lib/Pie.svelte,27,css,97bbf998,voidism,2024-03-20,15:16:28,-04:00,2024-03-20T15:16:28-04:00,0,0
src/lib/Pie.svelte,28,css,97bbf998,voidism,2024-03-20,15:16:28,-04:00,2024-03-20T15:16:28-04:00,0,0
src/lib/Pie.svelte,29,css,97bbf998,voidism,2024-03-20,15:16:28,-04:00,2024-03-20T15:16:28-04:00,0,30
src/lib/Pie.svelte,30,css,97bbf998,voidism,2024-03-20,15:16:28,-04:00,2024-03-20T15:16:28-04:00,0,10
src/lib/Pie.svelte,31,css,97bbf998,voidism,2024-03-20,15:16:28,-04:00,2024-03-20T15:16:28-04:00,0,13
src/lib/Pie.svelte,32,css,97bbf998,voidism,2024-03-20,15:16:28,-04:00,2024-03-20T15:16:28-04:00,0,58
src/lib/Pie.svelte,33,css,97bbf998,voidism,2024-03-20,15:16:28,-04:00,2024-03-20T15:16:28-04:00,0,43
src/lib/Pie.svelte,34,css,97bbf998,voidism,2024-03-20,15:16:28,-04:00,2024-03-20T15:16:28-04:00,0,49
src/lib/Pie.svelte,35,css,97bbf998,voidism,2024-03-20,15:16:28,-04:00,2024-03-20T15:16:28-04:00,0,47
src/lib/Pie.svelte,36,css,97bbf998,voidism,2024-03-20,15:16:28,-04:00,2024-03-20T15:16:28-04:00,0,60
src/lib/Pie.svelte,37,css,97bbf998,voidism,2024-03-20,15:16:28,-04:00,2024-03-20T15:16:28-04:00,0,51
src/lib/Pie.svelte,38,css,97bbf998,voidism,2024-03-20,15:16:28,-04:00,2024-03-20T15:16:28-04:00,0,65
src/lib/Pie.svelte,39,css,97bbf998,voidism,2024-03-20,15:16:28,-04:00,2024-03-20T15:16:28-04:00,0,79
src/lib/Pie.svelte,40,css,97bbf998,voidism,2024-03-20,15:16:28,-04:00,2024-03-20T15:16:28-04:00,0,0
src/lib/Pie.svelte,41,css,97bbf998,voidism,2024-03-20,15:16:28,-04:00,2024-03-20T15:16:28-04:00,0,0
src/lib/Pie.svelte,42,css,97bbf998,voidism,2024-03-20,15:16:28,-04:00,2024-03-20T15:16:28-04:00,0,34
src/lib/Pie.svelte,43,css,97bbf998,voidism,2024-03-20,15:16:28,-04:00,2024-03-20T15:16:28-04:00,0,13
src/lib/Pie.svelte,44,css,97bbf998,voidism,2024-03-20,15:16:28,-04:00,2024-03-20T15:16:28-04:00,0,13
src/lib/Pie.svelte,45,css,97bbf998,voidism,2024-03-20,15:16:28,-04:00,2024-03-20T15:16:28-04:00,0,65
src/lib/Pie.svelte,46,css,97bbf998,voidism,2024-03-20,15:16:28,-04:00,2024-03-20T15:16:28-04:00,0,49
src/lib/Pie.svelte,47,css,97bbf998,voidism,2024-03-20,15:16:28,-04:00,2024-03-20T15:16:28-04:00,0,0
src/lib/Pie.svelte,48,css,97bbf998,voidism,2024-03-20,15:16:28,-04:00,2024-03-20T15:16:28-04:00,0,0
src/lib/Pie.svelte,49,css,97bbf998,voidism,2024-03-20,15:16:28,-04:00,2024-03-20T15:16:28-04:00,0,32
src/lib/Pie.svelte,50,css,97bbf998,voidism,2024-03-20,15:16:28,-04:00,2024-03-20T15:16:28-04:00,0,18
src/lib/Pie.svelte,51,css,97bbf998,voidism,2024-03-20,15:16:28,-04:00,2024-03-20T15:16:28-04:00,0,21
src/lib/Pie.svelte,52,css,97bbf998,voidism,2024-03-20,15:16:28,-04:00,2024-03-20T15:16:28-04:00,0,10
src/lib/Pie.svelte,53,css,97bbf998,voidism,2024-03-20,15:16:28,-04:00,2024-03-20T15:16:28-04:00,0,11
src/lib/Pie.svelte,54,css,97bbf998,voidism,2024-03-20,15:16:28,-04:00,2024-03-20T15:16:28-04:00,0,19
src/lib/Pie.svelte,55,css,97bbf998,voidism,2024-03-20,15:16:28,-04:00,2024-03-20T15:16:28-04:00,0,62
src/lib/Pie.svelte,56,css,97bbf998,voidism,2024-03-20,15:16:28,-04:00,2024-03-20T15:16:28-04:00,0,51
src/lib/Pie.svelte,57,css,97bbf998,voidism,2024-03-20,15:16:28,-04:00,2024-03-20T15:16:28-04:00,0,0
src/lib/Pie.svelte,58,css,97bbf998,voidism,2024-03-20,15:16:28,-04:00,2024-03-20T15:16:28-04:00,0,0
src/lib/Pie.svelte,59,css,97bbf998,voidism,2024-03-20,15:16:28,-04:00,2024-03-20T15:16:28-04:00,0,33
src/lib/Pie.svelte,60,css,97bbf998,voidism,2024-03-20,15:16:28,-04:00,2024-03-20T15:16:28-04:00,0,11
src/lib/Pie.svelte,61,css,97bbf998,voidism,2024-03-20,15:16:28,-04:00,2024-03-20T15:16:28-04:00,0,13
src/lib/Pie.svelte,62,css,97bbf998,voidism,2024-03-20,15:16:28,-04:00,2024-03-20T15:16:28-04:00,0,61
src/lib/Pie.svelte,63,css,97bbf998,voidism,2024-03-20,15:16:28,-04:00,2024-03-20T15:16:28-04:00,0,55
src/lib/Pie.svelte,64,css,97bbf998,voidism,2024-03-20,15:16:28,-04:00,2024-03-20T15:16:28-04:00,0,0
src/lib/Pie.svelte,65,css,97bbf998,voidism,2024-03-20,15:16:28,-04:00,2024-03-20T15:16:28-04:00,0,0
src/lib/Pie.svelte,66,css,97bbf998,voidism,2024-03-20,15:16:28,-04:00,2024-03-20T15:16:28-04:00,0,46
src/lib/Pie.svelte,67,css,97bbf998,voidism,2024-03-20,15:16:28,-04:00,2024-03-20T15:16:28-04:00,0,19
src/lib/Pie.svelte,68,css,97bbf998,voidism,2024-03-20,15:16:28,-04:00,2024-03-20T15:16:28-04:00,0,58
src/lib/Pie.svelte,69,css,97bbf998,voidism,2024-03-20,15:16:28,-04:00,2024-03-20T15:16:28-04:00,0,0
src/lib/Pie.svelte,70,svelte,97bbf998,voidism,2024-03-20,15:16:28,-04:00,2024-03-20T15:16:28-04:00,0,7
src/lib/Pie.svelte,71,svelte,97bbf998,voidism,2024-03-20,15:16:28,-04:00,2024-03-20T15:16:28-04:00,0,0
src/lib/Pie.svelte,72,svelte,97bbf998,voidism,2024-03-20,15:16:28,-04:00,2024-03-20T15:16:28-04:00,0,7
src/lib/Pie.svelte,73,js,97bbf998,voidism,2024-03-20,15:16:28,-04:00,2024-03-20T15:16:28-04:00,0,24
src/lib/Pie.svelte,74,js,97bbf998,voidism,2024-03-20,15:16:28,-04:00,2024-03-20T15:16:28-04:00,0,58
src/lib/Pie.svelte,75,js,97bbf998,voidism,2024-03-20,15:16:28,-04:00,2024-03-20T15:16:28-04:00,0,23
src/lib/Pie.svelte,76,js,97bbf998,voidism,2024-03-20,15:16:28,-04:00,2024-03-20T15:16:28-04:00,0,13
src/lib/Pie.svelte,77,js,97bbf998,voidism,2024-03-20,15:16:28,-04:00,2024-03-20T15:16:28-04:00,0,20
src/lib/Pie.svelte,78,js,97bbf998,voidism,2024-03-20,15:16:28,-04:00,2024-03-20T15:16:28-04:00,0,2
src/lib/Pie.svelte,79,js,97bbf998,voidism,2024-03-20,15:16:28,-04:00,2024-03-20T15:16:28-04:00,0,14
src/lib/Pie.svelte,80,js,97bbf998,voidism,2024-03-20,15:16:28,-04:00,2024-03-20T15:16:28-04:00,0,36
src/lib/Pie.svelte,81,js,97bbf998,voidism,2024-03-20,15:16:28,-04:00,2024-03-20T15:16:28-04:00,0,37
src/lib/Pie.svelte,82,js,97bbf998,voidism,2024-03-20,15:16:28,-04:00,2024-03-20T15:16:28-04:00,0,36
src/lib/Pie.svelte,83,js,97bbf998,voidism,2024-03-20,15:16:28,-04:00,2024-03-20T15:16:28-04:00,0,35
src/lib/Pie.svelte,84,js,97bbf998,voidism,2024-03-20,15:16:28,-04:00,2024-03-20T15:16:28-04:00,0,35
src/lib/Pie.svelte,85,js,97bbf998,voidism,2024-03-20,15:16:28,-04:00,2024-03-20T15:16:28-04:00,0,37
src/lib/Pie.svelte,86,js,97bbf998,voidism,2024-03-20,15:16:28,-04:00,2024-03-20T15:16:28-04:00,0,4
src/lib/Pie.svelte,87,js,97bbf998,voidism,2024-03-20,15:16:28,-04:00,2024-03-20T15:16:28-04:00,0,20
src/lib/Pie.svelte,88,js,97bbf998,voidism,2024-03-20,15:16:28,-04:00,2024-03-20T15:16:28-04:00,0,49
src/lib/Pie.svelte,89,js,97bbf998,voidism,2024-03-20,15:16:28,-04:00,2024-03-20T15:16:28-04:00,0,32
src/lib/Pie.svelte,90,js,97bbf998,voidism,2024-03-20,15:16:28,-04:00,2024-03-20T15:16:28-04:00,0,11
src/lib/Pie.svelte,91,js,97bbf998,voidism,2024-03-20,15:16:28,-04:00,2024-03-20T15:16:28-04:00,0,33
src/lib/Pie.svelte,92,js,97bbf998,voidism,2024-03-20,15:16:28,-04:00,2024-03-20T15:16:28-04:00,0,8
src/lib/Pie.svelte,93,js,97bbf998,voidism,2024-03-20,15:16:28,-04:00,2024-03-20T15:16:28-04:00,0,43
src/lib/Pie.svelte,94,js,97bbf998,voidism,2024-03-20,15:16:28,-04:00,2024-03-20T15:16:28-04:00,0,48
src/lib/Pie.svelte,95,js,97bbf998,voidism,2024-03-20,15:16:28,-04:00,2024-03-20T15:16:28-04:00,0,29
src/lib/Pie.svelte,96,svelte,97bbf998,voidism,2024-03-20,15:16:28,-04:00,2024-03-20T15:16:28-04:00,0,8
src/lib/Pie.svelte,97,svelte,97bbf998,voidism,2024-03-20,15:16:28,-04:00,2024-03-20T15:16:28-04:00,0,0
src/lib/Pie.svelte,98,svelte,97bbf998,voidism,2024-03-20,15:16:28,-04:00,2024-03-20T15:16:28-04:00,0,22
src/lib/Pie.svelte,99,svelte,97bbf998,voidism,2024-03-20,15:16:28,-04:00,2024-03-20T15:16:28-04:00,0,30
src/lib/Pie.svelte,100,svelte,97bbf998,voidism,2024-03-20,15:16:28,-04:00,2024-03-20T15:16:28-04:00,0,25
src/lib/Pie.svelte,101,svelte,97bbf998,voidism,2024-03-20,15:16:28,-04:00,2024-03-20T15:16:28-04:00,0,35
src/lib/Pie.svelte,102,svelte,97bbf998,voidism,2024-03-20,15:16:28,-04:00,2024-03-20T15:16:28-04:00,0,39
src/lib/Pie.svelte,103,svelte,97bbf998,voidism,2024-03-20,15:16:28,-04:00,2024-03-20T15:16:28-04:00,0,70
src/lib/Pie.svelte,104,svelte,97bbf998,voidism,2024-03-20,15:16:28,-04:00,2024-03-20T15:16:28-04:00,0,6
src/lib/Pie.svelte,105,svelte,97bbf998,voidism,2024-03-20,15:16:28,-04:00,2024-03-20T15:16:28-04:00,0,5
src/lib/Pie.svelte,106,svelte,97bbf998,voidism,2024-03-20,15:16:28,-04:00,2024-03-20T15:16:28-04:00,0,0
src/lib/Pie.svelte,107,svelte,97bbf998,voidism,2024-03-20,15:16:28,-04:00,2024-03-20T15:16:28-04:00,0,18
src/lib/Pie.svelte,108,svelte,97bbf998,voidism,2024-03-20,15:16:28,-04:00,2024-03-20T15:16:28-04:00,1,23
src/lib/Pie.svelte,109,svelte,97bbf998,voidism,2024-03-20,15:16:28,-04:00,2024-03-20T15:16:28-04:00,2,79
src/lib/Pie.svelte,110,svelte,97bbf998,voidism,2024-03-20,15:16:28,-04:00,2024-03-20T15:16:28-04:00,3,27
src/lib/Pie.svelte,111,svelte,97bbf998,voidism,2024-03-20,15:16:28,-04:00,2024-03-20T15:16:28-04:00,3,29
src/lib/Pie.svelte,112,svelte,97bbf998,voidism,2024-03-20,15:16:28,-04:00,2024-03-20T15:16:28-04:00,2,4
src/lib/Pie.svelte,113,svelte,97bbf998,voidism,2024-03-20,15:16:28,-04:00,2024-03-20T15:16:28-04:00,1,6
src/lib/Pie.svelte,114,svelte,97bbf998,voidism,2024-03-20,15:16:28,-04:00,2024-03-20T15:16:28-04:00,0,4
src/lib/Pie.svelte,115,svelte,97bbf998,voidism,2024-03-20,15:16:28,-04:00,2024-03-20T15:16:28-04:00,0,0
src/lib/Pie.svelte,116,svelte,97bbf998,voidism,2024-03-20,15:16:28,-04:00,2024-03-20T15:16:28-04:00,0,5
